original_index,player_id
1,239053
2,212622
4,224232
5,208128
6,226268
7,239837
9,194765
10,232656
11,212198
12,246191
13,231281
14,244675
15,210008
16,212616
17,241096
18,226161
20,255253
21,209331
22,204923
23,234378
24,210514
25,228702
26,240638
27,236772
28,233419
29,246669
31,251854
32,247851
33,231443
36,231478
37,192883
39,240679
40,247635
42,238074
43,208574
44,238216
45,225193
48,197445
49,226754
51,243576
52,231747
53,222665
55,243245
56,224334
58,202126
60,224293
61,246863
62,258648
63,210881
64,225201
65,208333
66,228251
67,240950
68,223334
69,252145
70,188545
71,247246
73,243014
74,216393
75,195479
76,256790
77,239231
78,223959
79,212811
80,177003
81,230938
82,226226
83,231913
84,247394
86,256630
87,238744
89,202648
90,219683
91,216352
92,251479
93,251806
95,236499
96,215590
97,234396
98,239807
100,236496
104,186345
105,233927
106,270571
107,244669
108,232665
109,246321
110,239085
111,226851
112,254243
114,192638
115,228813
116,257279
117,256853
118,231521
120,204963
122,242280
124,217870
125,257534
126,234060
128,220651
129,266866
131,236015
132,222077
133,233096
134,200458
136,241637
138,253727
139,220502
140,208461
141,215449
142,235944
143,223697
144,226271
145,234741
146,220697
148,183512
151,189332
152,247972
153,260247
154,208418
155,271421
156,228093
158,241651
159,259913
160,212523
161,272500
162,212207
163,245367
164,201389
165,199503
166,211110
170,216201
171,256688
172,239093
173,260908
174,250723
175,244309
176,259694
178,215914
179,188377
180,189513
182,241084
183,225309
184,207410
185,236657
186,224574
187,207439
189,253124
190,186942
191,270673
192,242201
193,210602
194,258775
195,231969
197,241811
198,244374
199,273018
201,221697
202,247827
203,216150
204,183711
205,248148
206,258966
207,216267
208,228618
209,237646
210,224196
211,237520
212,210406
213,235794
214,240243
215,267430
216,247103
219,205214
220,222737
223,255009
224,230481
225,268683
226,213884
227,226456
228,208618
229,245235
230,225663
231,230183
232,212091
233,216435
234,229261
235,232244
236,241508
237,225126
238,210047
239,247819
240,158023
241,193352
242,226162
243,176580
244,242964
245,213565
246,203376
248,242434
249,223273
250,230965
252,240507
253,223154
255,259583
256,241509
258,245138
260,243627
261,213991
262,240709
263,234505
264,244261
265,256675
266,236477
267,227535
268,254579
269,230786
270,227813
271,232711
272,241496
275,195864
276,214047
277,209989
278,251573
279,220659
281,227647
282,251294
283,211688
285,216700
287,266127
288,234153
289,193198
292,20801
294,237386
295,264330
296,211361
297,230337
298,192318
300,212228
301,215071
302,234574
303,210896
305,251470
306,224371
307,253072
308,233965
309,251988
310,253149
311,233731
312,268889
314,216409
315,236146
317,235297
318,208250
319,251530
320,165153
321,224158
324,272951
325,244791
328,257186
329,243686
330,264697
331,230142
332,230767
333,245630
335,208268
336,208093
337,206085
338,259868
340,257771
341,255742
342,209499
343,232293
344,236699
345,245155
347,236791
348,212729
349,206591
350,233556
352,224294
353,236401
354,202371
355,213648
356,222390
358,222509
359,257919
360,230331
362,230347
363,253157
364,248465
365,275138
367,222227
368,222492
369,209289
370,236480
371,207865
372,212814
374,183898
375,255069
376,210324
378,244260
382,220876
383,190674
384,246923
386,242641
388,242444
389,80170
390,213693
391,203483
392,236830
393,272449
394,235663
395,242577
397,200155
399,237942
400,202884
402,255475
403,233738
404,234023
405,184392
406,230258
407,218745
408,241095
412,205569
413,178562
414,236441
415,242087
416,271057
417,260599
418,202024
419,255565
421,203535
422,202556
423,192629
427,204485
428,204525
429,243631
430,212194
432,241486
433,226807
434,244728
436,230020
437,247028
438,229167
440,233084
441,208787
442,213655
443,212404
444,215798
445,210935
446,231943
448,232730
451,258746
452,273906
453,256516
455,268896
456,209780
457,224885
458,206517
459,238794
461,237034
462,248165
463,233064
464,257711
465,235790
467,252794
468,235456
470,224031
471,228179
472,223874
474,211147
475,200145
477,279604
478,250959
479,216464
480,245054
481,221000
482,233301
484,228302
486,189596
488,230065
489,188350
490,219174
491,220746
492,228579
493,212491
494,263439
495,205855
496,193061
497,244778
498,258171
499,238072
500,220414
501,212269
502,238463
504,214026
506,251690
507,246646
508,200094
509,224425
510,235467
512,209888
513,221671
514,239380
515,241707
516,239778
517,222148
519,230666
520,231184
521,237329
522,275298
523,227528
524,273463
525,259480
526,224423
527,225782
528,237819
529,210736
530,203980
531,251942
532,244270
534,219985
537,266374
538,237712
539,225951
540,229862
541,208364
542,201455
543,241461
544,250941
545,212045
546,257876
547,234112
548,206467
549,255878
550,228520
551,259789
552,229391
553,235805
554,232223
555,193348
556,230234
557,256107
558,207494
559,243606
560,205678
561,242380
562,239361
564,258714
565,73374
567,205531
568,268534
569,206113
570,230437
571,204688
572,229788
573,248053
574,192505
577,231227
579,209236
580,227174
581,229984
582,243812
583,263781
584,199792
585,263041
587,251615
588,261616
589,190815
590,262525
591,191627
592,239028
593,253109
594,230899
595,240130
596,214040
597,226376
598,233061
599,244874
600,199564
602,221363
603,209620
604,253396
605,247030
606,198657
607,253473
609,219789
610,246928
611,215998
612,254159
613,253908
614,239613
615,272926
616,204105
618,235926
619,205726
620,226517
622,212476
623,208670
625,186190
626,252802
627,232839
628,274915
629,253162
630,190972
631,238235
632,211378
633,262842
634,231390
636,237043
637,238067
639,262411
641,244287
642,212096
643,216475
644,225439
645,259240
646,235997
647,216385
648,184941
649,258683
650,243580
652,244205
654,246885
656,258976
658,256948
659,255925
660,209846
661,277439
662,251852
663,242664
665,212501
666,224030
667,232999
668,205633
669,270670
670,230250
671,260466
672,244399
674,208920
675,235374
677,205566
678,230241
679,266097
680,259716
681,244634
683,215270
684,172522
685,229723
686,241856
687,263617
689,244889
690,230384
691,271121
692,232498
693,198451
694,204612
695,254789
696,257866
697,254796
698,203864
699,208480
701,228708
702,233585
703,277179
704,216547
706,190199
709,277283
710,230184
711,211256
712,239977
713,243586
714,173030
715,228595
716,226045
717,246297
718,230431
719,244257
721,236629
722,202078
723,242534
724,253306
725,192451
726,234457
727,230417
728,258371
730,253287
731,237681
732,264309
734,262088
737,244973
738,199189
739,208919
740,232487
741,271400
743,200759
745,230239
746,192636
747,214436
748,232905
749,215531
750,226797
752,220714
753,227678
754,224982
755,271145
756,236075
757,245035
758,236898
759,251011
760,229010
761,246685
762,258208
763,204497
765,254551
766,213613
767,241852
768,254142
769,231677
770,255487
771,226110
772,234943
773,245209
774,248050
775,211748
776,242725
777,235883
778,234236
779,245538
780,248166
781,239482
782,234171
783,225475
784,268756
785,219951
786,224309
787,189271
788,257400
789,259233
790,206006
791,226508
792,229343
793,193254
794,252935
796,255074
797,246430
798,236987
799,243646
800,270039
801,262118
802,259307
804,214006
805,268802
806,212245
807,261143
808,204838
809,210739
810,245597
811,275353
812,251116
813,243249
814,228151
815,207421
816,246113
817,237937
818,237477
819,273883
821,236556
822,236822
823,238616
824,227884
825,230977
827,196432
830,224394
831,251805
832,232639
833,226789
834,236792
835,259075
837,240740
838,210537
839,236668
840,235167
842,239373
843,220175
844,162347
845,211504
846,258890
847,263287
848,236920
849,215193
851,245461
853,236045
854,205343
855,236632
857,146562
858,231044
859,210831
860,222357
861,244176
863,252440
864,278349
865,230225
866,181872
867,220793
868,226431
869,237183
870,237841
871,205369
872,224841
873,252027
874,220834
875,220075
876,278016
877,268804
879,186146
880,270633
881,228941
882,264293
883,243593
885,235945
886,233178
887,204542
888,213301
889,190813
890,257470
891,216549
892,270068
893,233478
894,257345
895,256341
896,240992
897,235389
898,244373
899,243657
901,225523
904,240915
905,220710
906,256903
908,255654
909,227508
910,256949
912,234730
913,228593
914,234742
915,255223
916,206590
917,70419
918,203574
919,222028
920,262745
921,237424
922,270728
923,229528
924,235432
925,247729
926,217826
929,252711
931,210243
932,200260
933,228946
935,260523
936,231612
938,252909
939,265459
940,223755
941,198164
942,238900
943,230217
944,267594
945,77673
946,184432
947,258937
948,254088
949,235407
951,239529
952,277954
954,246242
955,239368
956,205119
957,239782
958,236461
961,260592
962,212226
964,226677
965,253304
966,235173
968,253133
969,272600
972,262402
973,247861
974,243256
975,241238
976,262500
978,211857
979,208830
981,231428
982,254262
983,225863
985,264298
986,237679
987,220814
988,227232
989,245152
990,265671
991,210381
992,230625
993,234468
994,251392
995,229906
996,253213
997,228645
998,258601
999,230451
1000,264001
1001,225629
1003,244369
1004,240020
1007,229336
1008,223717
1009,213798
1011,232255
1012,226627
1013,236918
1014,240787
1015,277427
1016,269278
1017,264201
1018,234824
1019,208224
1021,226157
1022,229764
1024,208535
1025,252931
1028,191076
1029,239978
1030,259521
1031,216800
1032,212213
1033,233487
1036,207471
1038,138412
1040,234200
1041,270857
1043,214302
1044,241187
1045,221488
1046,272733
1047,219759
1048,207993
1049,267680
1050,228010
1051,70334
1052,270017
1054,247495
1055,228312
1057,198141
1058,234264
1059,246814
1060,242217
1062,236636
1063,203106
1066,246562
1067,233260
1068,198705
1069,230201
1070,225085
1071,252483
1072,226662
1073,74866
1074,238227
1075,263578
1076,240797
1077,271019
1079,269276
1080,262880
1081,236276
1082,240916
1083,230423
1088,234678
1089,241602
1091,216270
1093,220139
1094,227055
1095,236786
1096,236295
1098,252042
1099,257972
1100,252376
1101,253952
1102,200302
1103,243312
1104,277643
1105,251132
1106,235781
1108,221992
1109,230206
1110,250961
1111,204125
1112,252290
1115,259265
1116,264388
1117,225539
1118,246800
1120,223816
1122,233053
1124,254887
1125,227503
1126,234205
1128,220940
1129,229905
1130,200746
1131,258090
1132,235569
1133,255566
1134,227928
1135,254822
1136,244380
1137,238004
1138,271573
1140,230189
1141,213597
1142,231005
1143,239732
1145,212678
1146,241607
1148,251626
1149,228092
1150,225071
1151,258881
1152,259197
1154,253322
1155,234930
1156,224179
1159,242916
1160,230381
1161,236298
1164,277840
1165,237670
1167,270208
1168,199042
1169,219576
1170,212187
1171,236259
1172,273694
1173,237640
1174,235636
1176,215199
1177,224415
1178,246434
1179,252066
1180,248266
1181,230348
1183,251438
1184,240690
1185,189280
1186,237960
1187,229880
1188,265766
1189,211241
1190,223017
1191,211022
1192,71259
1193,239512
1195,201399
1196,231614
1197,244941
1198,203486
1200,215074
1201,226853
1202,213814
1203,233529
1204,216158
1205,241004
1207,252544
1209,257167
1211,269509
1212,253399
1213,252383
1214,70888
1216,225266
1217,228352
1218,257289
1219,239892
1220,276278
1221,243032
1222,243354
1223,242602
1224,225206
1225,259788
1226,228819
1227,270559
1228,230371
1229,224490
1230,207956
1231,189805
1232,208295
1233,270013
1234,271562
1235,231887
1236,230665
1237,223779
1238,217153
1239,211269
1240,237936
1241,225667
1242,199323
1243,279769
1244,247263
1245,246258
1246,234740
1248,258580
1249,238896
1250,205391
1251,207441
1252,205431
1253,225174
1254,269230
1255,277432
1257,261082
1258,240097
1259,185068
1260,248573
1262,211274
1263,213654
1264,239817
1265,222709
1267,256769
1268,212484
1269,215556
1271,232477
1272,225872
1273,229207
1274,205407
1275,254048
1278,235149
1279,244390
1281,225706
1282,240837
1283,225478
1284,216286
1285,219952
1286,251189
1287,258619
1289,230216
1291,254548
1292,254566
1293,73078
1294,226168
1295,244114
1296,223134
1297,232097
1298,270046
1299,264172
1300,261659
1301,259356
1304,229459
1306,72354
1307,252079
1308,202429
1309,201417
1310,263370
1311,208621
1312,224510
1313,242187
1316,241568
1317,245158
1319,207554
1322,212192
1324,238839
1325,215057
1329,230219
1330,234078
1331,257889
1332,229765
1333,235410
1334,233630
1335,251306
1337,218339
1338,238581
1339,259586
1340,262937
1341,230685
1342,236071
1344,210513
1345,204412
1348,230564
1349,227562
1351,241925
1353,253970
1356,223866
1357,256402
1359,254117
1360,242342
1361,216814
1362,239119
1363,198717
1364,206653
1366,230242
1367,183394
1368,244836
1369,256115
1370,239755
1371,264862
1374,247093
1375,246618
1376,213345
1377,251025
1378,261530
1379,202652
1380,237499
1381,226012
1382,203502
1383,220421
1384,230422
1385,232490
1386,240193
1387,241985
1388,223302
1389,234573
1390,263765
1391,246871
1392,182896
1394,245622
1395,217242
1399,258729
1400,225204
1401,143121
1403,230440
1404,199247
1405,269420
1406,251756
1407,231070
1408,261539
1409,238767
1410,256958
1412,206594
1413,274952
1414,238857
1415,241428
1416,229158
1417,258093
1420,194149
1421,188268
1422,239744
1423,76687
1424,246444
1425,258483
1426,265695
1428,272872
1430,270072
1431,236311
1432,269622
1434,179813
1435,201368
1436,221342
1437,234671
1438,238277
1439,242914
1440,217605
1442,240683
1445,237161
1446,220018
1447,202201
1448,253409
1449,214096
1451,205175
1454,264869
1455,225189
1457,242162
1458,235522
1459,227622
1460,235570
1461,241464
1462,260923
1463,224590
1464,246351
1465,244895
1466,209061
1467,211879
1468,230824
1469,213697
1471,200713
1472,275241
1473,255533
1474,223790
1476,252238
1477,170320
1478,241522
1480,195202
1481,223627
1482,240273
1483,244892
1484,242081
1485,233959
1487,254206
1488,219908
1490,224013
1491,216380
1492,266071
1494,223597
1495,226671
1497,246402
1499,226515
1500,191202
1501,241645
1502,245275
1503,240673
1504,219686
1505,239679
1506,261188
1507,252025
1508,246656
1509,214658
1511,263824
1512,257179
1513,265390
1514,256197
1515,244472
1516,242429
1517,221201
1518,247832
1519,269859
1520,260145
1521,215616
1523,207948
1524,244318
1525,243559
1526,215155
1528,242816
1529,201877
1531,212150
1532,251575
1533,257502
1536,205054
1537,231423
1538,222475
1539,197965
1540,224081
1541,207733
1542,226166
1543,216447
1545,230289
1546,215443
1547,233884
1548,237221
1549,211368
1550,236457
1551,254638
1552,183540
1553,227835
1555,252208
1556,266844
1558,230252
1559,263279
1560,217998
1561,246174
1562,73895
1563,212212
1564,214772
1565,241928
1567,255634
1568,214944
1569,224422
1571,244428
1573,244197
1574,208620
1575,264701
1577,239894
1578,229155
1579,70471
1581,202335
1582,267626
1583,264348
1585,247771
1586,232412
1587,278020
1588,275468
1589,219414
1590,268576
1591,215332
1592,246617
1594,242271
1595,262510
1596,198006
1597,233851
1598,252541
1600,192387
1601,221587
1603,231360
1604,199110
1605,220621
1607,212188
1609,242411
1610,255471
1612,265738
1613,213777
1614,260926
1615,272725
1616,251994
1617,259190
1618,263815
1619,255125
1620,216247
1621,241854
1622,230349
1623,254982
1625,237871
1626,257353
1627,262219
1628,236108
1629,178509
1630,240974
1631,235353
1633,192123
1635,207791
1636,222400
1637,214990
1638,243684
1641,230425
1642,205895
1644,243842
1645,259714
1646,217731
1647,276119
1648,224411
1649,180930
1651,201955
1652,199652
1654,248550
1655,242426
1656,262929
1657,230448
1658,257073
1659,244542
1660,189511
1661,265552
1662,231777
1663,237669
1665,192366
1666,254084
1667,219797
1668,255137
1669,210619
1670,271296
1671,254660
1672,271574
1673,200689
1674,79091
1675,216820
1676,273917
1677,191783
1678,211784
1679,247888
1680,234072
1682,225926
1684,219792
1685,201884
1686,208054
1687,221885
1689,240359
1690,244470
1691,258596
1692,226877
1695,241788
1696,263828
1699,243388
1700,230601
1701,262859
1702,230888
1703,236529
1706,230690
1708,272712
1709,241487
1711,240744
1715,242075
1716,219812
1717,235172
1718,219814
1719,183256
1721,217338
1723,264453
1724,210455
1725,219953
1726,230197
1727,247361
1728,214877
1731,259762
1732,225733
1733,271579
1734,246763
1735,262642
1736,225779
1737,207862
1738,212218
1740,234774
1741,241953
1742,222501
1743,258908
1744,250766
1745,251287
1746,76704
1748,273875
1749,209886
1750,206306
1751,231652
1752,70903
1753,228349
1754,256261
1755,202518
1756,198951
1757,234035
1758,237619
1759,250931
1760,233795
1761,246350
1762,252240
1763,248175
1764,205953
1765,258444
1766,220348
1770,237566
1772,251421
1773,226380
1774,203605
1775,259680
1776,196978
1777,255611
1778,216194
1779,252293
1780,271266
1781,197031
1782,244407
1784,232156
1785,202464
1786,264699
1787,246014
1788,259848
1789,240685
1790,263227
1791,225855
1792,234570
1793,261204
1794,277846
1796,258698
1797,261015
1798,72093
1800,74963
1801,195038
1802,194794
1803,185349
1804,230936
1806,244517
1807,211513
1808,262473
1809,222542
1810,238941
1811,246877
1812,237184
1813,253574
1814,220847
1815,260282
1816,254910
1817,233152
1818,244486
1819,241927
1820,270613
1821,236838
1822,241736
1823,262218
1824,198489
1825,246106
1826,242530
1827,274024
1828,234350
1829,241085
1830,78801
1831,263640
1832,203505
1834,241419
1835,229649
1837,258602
1839,237378
1840,252239
1841,271464
1842,236144
1843,238194
1844,235642
1845,252037
1846,214665
1847,225441
1848,233396
1849,260570
1850,246748
1851,257784
1852,224511
1853,225289
1854,216334
1855,186395
1856,215333
1857,257075
1858,253249
1859,279112
1860,262501
1861,275050
1863,236679
1864,245902
1865,231089
1867,279015
1868,228336
1871,272379
1872,270608
1873,233493
1874,224317
1875,277068
1876,205401
1877,184457
1878,212366
1879,234905
1880,213928
1881,216749
1882,224263
1883,237840
1884,212755
1885,230686
1886,263711
1888,256104
1891,224163
1892,203177
1893,222388
1894,230359
1895,253407
1896,223724
1897,216816
1898,222215
1899,237321
1900,206626
1902,222041
1903,230240
1904,230244
1906,278901
1907,204152
1908,230530
1909,222369
1910,72868
1912,265696
1913,235496
1914,238320
1915,279026
1916,230392
1917,188154
1918,230406
1919,229900
1920,228635
1922,275522
1923,203843
1924,234066
1925,220517
1926,227978
1927,223637
1928,237995
1930,208053
1931,223689
1932,238282
1933,199890
1934,271577
1935,70887
1936,252917
1937,243715
1938,236804
1939,221714
1940,203568
1941,266331
1942,253019
1943,230269
1945,201862
1946,240262
1947,235661
1948,187800
1949,213147
1950,237248
1951,224461
1953,189930
1954,213761
1955,185422
1956,223061
1958,229476
1960,241771
1961,229773
1963,200610
1964,245157
1966,230084
1967,229071
1968,213471
1969,240095
1970,210930
1971,236530
1972,252929
1973,146947
1974,230918
1975,246289
1976,230426
1977,236572
1978,247369
1979,235875
1980,248188
1982,268421
1985,190885
1986,208564
1987,270014
1988,264436
1990,266245
1991,226579
1992,237335
1993,257306
1994,277809
1995,208448
1996,237662
1997,225659
1998,227995
1999,244393
2000,273604
2001,245977
2004,264422
2005,253163
2007,269305
2010,73505
2011,243241
2012,266039
2013,228408
2014,240716
2015,212048
2016,246352
2017,201042
2018,247124
2019,225878
2022,255934
2023,263377
2024,265195
2027,209417
2028,256287
2029,198455
2030,243001
2031,237629
2032,228415
2033,264257
2035,244591
2036,73085
2037,233125
2038,244416
2040,235983
2041,260574
2042,259816
2044,270597
2046,241436
2047,272505
2048,208509
2049,255876
2050,235163
2052,224189
2053,202693
2055,253444
2056,275205
2057,275208
2058,237328
2059,74514
2060,246803
2061,267861
2062,233048
2063,242531
2064,261991
2065,209781
2067,238236
2068,204709
2070,214968
2071,223978
2072,211437
2073,239106
2074,220969
2075,197948
2076,233800
2077,253002
2079,231247
2080,230043
2082,233631
2083,224428
2084,230340
2088,246565
2089,273730
2090,231007
2091,269153
2092,242794
2093,246683
2094,266422
2096,209335
2097,243134
2098,213956
2100,247025
2101,246044
2102,240702
2103,263745
2104,237916
2105,230498
2106,255343
2107,235889
2108,252313
2110,272305
2113,224970
2114,198861
2115,204529
2116,259316
2118,231424
2120,180283
2121,222528
2122,231236
2123,266312
2124,253293
2125,241049
2126,243887
2128,73398
2130,188988
2131,257185
2134,267702
2135,272835
2137,239580
2138,233968
2139,262669
2142,230202
2143,214092
2144,205923
2147,234134
2148,239770
2149,261050
2151,76744
2153,230374
2154,231410
2155,198145
2156,247050
2158,197402
2159,225054
2160,264238
2161,232759
2162,201303
2163,231554
2164,234894
2165,246168
2166,230042
2168,223926
2169,210625
2170,262083
2171,236260
2172,248808
2173,245261
2176,211061
2178,231836
2179,231838
2180,215202
2181,254628
2182,259245
2183,213685
2185,259306
2186,217845
2187,219127
2188,262138
2190,220196
2191,211506
2192,235834
2193,230463
2194,211536
2195,226385
2196,272978
2197,254039
2198,224104
2200,271219
2201,264579
2203,248474
2204,254373
2205,228774
2206,251847
2207,279269
2208,269809
2209,215036
2210,232709
2211,211221
2212,223255
2213,247076
2215,232008
2217,219216
2218,220528
2219,234111
2220,241026
2221,223905
2222,255684
2223,237003
2224,259043
2226,236773
2227,220422
2228,228120
2229,71451
2230,229667
2231,236112
2233,234889
2234,248471
2235,261307
2236,251845
2237,227278
2239,260076
2240,210671
2241,240628
2242,214520
2243,270863
2244,243222
2245,252448
2248,266596
2249,229743
2251,221841
2253,223663
2256,214770
2257,190460
2258,239614
2259,210688
2260,221445
2261,244238
2262,256548
2263,245541
2264,213813
2265,228153
2268,242045
2269,232080
2272,259031
2273,245211
2274,242655
2276,205291
2278,260407
2280,270409
2282,230487
2283,252508
2284,206436
2285,192102
2286,256890
2287,248191
2288,232081
2289,200601
2290,228007
2291,208302
2292,72888
2293,215247
2294,208596
2295,271063
2296,229082
2297,246770
2302,225117
2303,214366
2304,188554
2305,238504
2306,273850
2307,250858
2309,208137
2310,259377
2311,244797
2313,204882
2314,255855
2316,254894
2317,271800
2318,210108
2320,262657
2321,259331
2322,270109
2324,73282
2326,234569
2327,270926
2328,254296
2329,275291
2330,259677
2331,221797
2332,71532
2333,251547
2335,251570
2336,243640
2337,70845
2338,242374
2339,211408
2340,235987
2341,194017
2342,245741
2343,180216
2344,239367
2345,208424
2346,236076
2347,240947
2348,240953
2349,79948
2350,262236
2352,70344
2353,199386
2354,189153
2355,258536
2356,218623
2357,231936
2358,278288
2361,204370
2362,251223
2363,234087
2364,205939
2365,224389
2366,223633
2367,246423
2368,214947
2369,208297
2370,238009
2371,263882
2372,227788
2373,224980
2374,224483
2375,222959
2376,203263
2377,237055
2378,241168
2379,261141
2381,211272
2382,240223
2383,245855
2384,214660
2385,225669
2386,242055
2387,233115
2389,205983
2390,251555
2391,250789
2392,192679
2394,236723
2395,211382
2396,221370
2397,272330
2398,239818
2399,260558
2400,259565
2401,216054
2402,257536
2404,230430
2406,235807
2407,275238
2409,230988
2410,201305
2411,256874
2412,239215
2413,231039
2414,232580
2415,252807
2416,262284
2417,199845
2418,237989
2419,258984
2421,204738
2422,224221
2423,244193
2424,256746
2426,266277
2427,211243
2428,238126
2429,248112
2430,227900
2431,230243
2432,243558
2433,254310
2434,267392
2436,247172
2437,201093
2438,243353
2440,246688
2441,201143
2442,224185
2443,212170
2446,216055
2447,266500
2449,258615
2451,234319
2452,257111
2453,234860
2454,72850
2455,270512
2456,259011
2457,198599
2459,234710
2460,274447
2461,232488
2462,272946
2463,193881
2464,230507
2465,76398
2466,206202
2468,79016
2469,216003
2470,237257
2472,261335
2473,206565
2474,230420
2475,216860
2476,240925
2477,207650
2478,212260
2479,234799
2482,229973
2484,231280
2486,259191
2487,246914
2488,258949
2489,188335
2490,198331
2491,231886
2492,251599
2494,236760
2496,219655
2497,241938
2500,230453
2502,240458
2503,242003
2504,247641
2505,202331
2506,252000
2507,213105
2508,235634
2509,258168
2510,278137
2511,269701
2513,234918
2514,230326
2515,205756
2517,233943
2520,233483
2521,264207
2523,230198
2524,241463
2525,272455
2526,202848
2527,276610
2528,234686
2529,231628
2530,74462
2531,227806
2532,231138
2533,237295
2535,238587
2536,240648
2537,252192
2538,246053
2539,210985
2541,253242
2542,233276
2544,236363
2547,247643
2548,257890
2550,205693
2551,70020
2552,213948
2553,71114
2555,233169
2556,267991
2557,242166
2558,225783
2559,242946
2560,278046
2561,76602
2563,237920
2564,269156
2565,215911
2566,193144
2567,232832
2568,203393
2569,260020
2570,214971
2572,252866
2573,235717
2575,201965
2576,253167
2577,232432
2580,206098
2581,251156
2582,199236
2584,225653
2586,270983
2587,224403
2588,193683
2590,210136
2591,270578
2592,195065
2593,229379
2594,257283
2595,241159
2596,263432
2597,212747
2598,239116
2599,230181
2600,202819
2601,247881
2603,240252
2604,227222
2606,70832
2607,204215
2610,211672
2611,230136
2612,258826
2613,233230
2615,196889
2617,227882
2618,230460
2619,241726
2620,230470
2621,238409
2623,231530
2624,78971
2625,260734
2627,235670
2628,240280
2630,256674
2631,260521
2632,262135
2633,232185
2634,238331
2635,223231
2636,206083
2637,215049
2639,233520
2640,223307
2642,221282
2643,220529
2644,198024
2645,277901
2646,261776
2648,239250
2649,253867
2650,277941
2651,225719
2652,210384
2653,241875
2654,235005
2655,262151
2657,260397
2658,252495
2659,239451
2660,257136
2661,236662
2663,260501
2664,243894
2665,234711
2666,251353
2667,266461
2668,224225
2669,212454
2670,231150
2671,256524
2672,238098
2673,239641
2674,248095
2675,251170
2679,215368
2681,268630
2682,267624
2683,230254
2685,222331
2686,233113
2687,237211
2688,267685
2689,252837
2690,269740
2691,239023
2692,237332
2693,220715
2694,274732
2695,240697
2696,263233
2700,239763
2702,235935
2703,244391
2705,236472
2706,231353
2707,254905
2708,237502
2709,264438
2710,208892
2711,237310
2713,262403
2716,210484
2717,270133
2719,230975
2720,224842
2721,229477
2722,226414
2723,236145
2724,70004
2725,70265
2727,264323
2728,238980
2729,264337
2731,226710
2732,202651
2733,201887
2734,216260
2735,73427
2736,215292
2737,206086
2738,220948
2739,261661
2741,265518
2742,255541
2743,251201
2744,253771
2745,239458
2746,221551
2747,269728
2749,278187
2750,276909
2752,193476
2753,270050
2754,245491
2755,220925
2756,272894
2757,232212
2758,189505
2759,268866
2760,226377
2761,224099
2762,247156
2763,266616
2764,262790
2765,263829
2766,263678
2767,259582
2768,279044
2769,246791
2770,202771
2771,235799
2772,205598
2773,183339
2774,231235
2775,234051
2776,228687
2777,165531
2778,70822
2779,209839
2780,252598
2782,211903
2783,213439
2784,228577
2785,245729
2786,228332
2787,263676
2788,257278
2789,231685
2790,223498
2792,210724
2793,191269
2794,233510
2795,200521
2798,246918
2799,264842
2800,229263
2801,253327
2802,273827
2803,238756
2804,233897
2806,262860
2808,245999
2809,243963
2810,261648
2811,237595
2815,269616
2816,203328
2817,223298
2818,261446
2819,278107
2821,72561
2822,271477
2823,231550
2824,257920
2825,264353
2827,223143
2828,264371
2829,231352
2831,259036
2832,268778
2833,252148
2834,262397
2835,226568
2837,238637
2838,230208
2839,244565
2841,238944
2842,230276
2843,261004
2844,246672
2845,230293
2846,255930
2847,259537
2849,228325
2850,265450
2851,212722
2852,252967
2853,230964
2854,225632
2855,268395
2858,235414
2860,255145
2861,236466
2863,208335
2865,229925
2866,243237
2867,193844
2868,270403
2869,237895
2870,232545
2871,239980
2872,263056
2873,269228
2875,220912
2876,270338
2877,271119
2880,242749
2881,270919
2882,245332
2883,242006
2884,215643
2886,225133
2887,252018
2888,222836
2889,260474
2890,223618
2891,242062
2892,228509
2893,214977
2894,235735
2895,263393
2896,241389
2897,226798
2898,236784
2899,246013
2900,264452
2901,279572
2902,258325
2903,269604
2904,255781
2905,236073
2906,273707
2907,258607
2908,256849
2910,236639
2911,224874
2912,223085
2913,241536
2914,252567
2915,232610
2916,237993
2917,267976
2918,73161
2920,255963
2921,221660
2922,199158
2924,224252
2925,224258
2926,268573
2927,235866
2931,212121
2933,198046
2934,276895
2936,226229
2938,221639
2939,251335
2940,243414
2941,200667
2942,245986
2943,255459
2944,246006
2945,219392
2946,254225
2947,256292
2949,248111
2951,231233
2952,263502
2953,230222
2955,242021
2956,227686
2957,271975
2960,228757
2961,243355
2962,255150
2963,251834
2964,251629
2965,268805
2966,223756
2967,207641
2969,205089
2970,242222
2971,220475
2972,264299
2975,256902
2976,198023
2977,273884
2978,269293
2979,262137
2980,220933
2982,195859
2983,240452
2984,223566
2985,207715
2986,260478
2987,189573
2989,212625
2990,216218
2991,262815
2992,236721
2994,253902
2997,150516
2999,265741
3001,234279
3003,274266
3004,203615
3005,263789
3006,72557
3007,244853
3008,258684
3009,257406
3010,241025
3012,224146
3017,236221
3018,257484
3019,209618
3020,233938
3021,244438
3022,260842
3025,242181
3026,222734
3027,243481
3028,255779
3029,270894
3030,233777
3032,246847
3033,253510
3034,237647
3036,224883
3037,256885
3038,223113
3039,270731
3040,268703
3041,201888
3042,258730
3044,223676
3045,277696
3046,230343
3049,230408
3051,186143
3052,228388
3053,259634
3054,242238
3055,246849
3056,240969
3057,277835
3060,276076
3061,258437
3062,236935
3063,238222
3064,205970
3065,266171
3066,232388
3067,247748
3068,230366
3071,254200
3072,220165
3074,78345
3075,227855
3076,274209
3078,246063
3080,229971
3081,205402
3082,236382
3083,77163
3084,225685
3085,246713
3086,72890
3087,219865
3088,208602
3089,204017
3090,199669
3091,266755
3092,214294
3093,220440
3094,186905
3095,259101
3096,235565
3098,183895
3099,209782
3100,246919
3101,246155
3103,256167
3104,271017
3108,250825
3109,219605
3110,250839
3112,242648
3113,252382
3114,257785
3116,241930
3117,263693
3118,201505
3119,253223
3121,276594
3122,272777
3123,243870
3124,78793
3126,212190
3127,238305
3129,277483
3130,279027
3131,257271
3132,236281
3133,234018
3134,265789
3135,268656
3136,252796
3137,255879
3138,208520
3139,237203
3140,205976
3141,70571
3142,277689
3144,213705
3145,243666
3146,253150
3147,255205
3148,252937
3149,256781
3150,205590
3151,219932
3152,246817
3153,226616
3154,215113
3155,241737
3156,248674
3157,230501
3158,267627
3159,252014
3160,178287
3161,190589
3162,235398
3163,216460
3164,210321
3166,240282
3167,210843
3168,256942
3170,70838
3171,193468
3172,256711
3173,275401
3174,243914
3175,264139
3176,230351
3177,251356
3178,272612
3179,198377
3180,75499
3182,234229
3183,278012
3185,253472
3186,225316
3187,232756
3188,256831
3190,267602
3191,276342
3192,199813
3195,258973
3196,277663
3197,231840
3198,224933
3199,73645
3200,252858
3201,224444
3202,268782
3203,270328
3205,215820
3206,232729
3209,203067
3211,231240
3212,253004
3215,202088
3216,210538
3217,275324
3218,230271
3219,270209
3220,212100
3221,246419
3224,224967
3225,210897
3226,241628
3227,258528
3228,261351
3229,73449
3231,277794
3232,220491
3235,242002
3236,253537
3237,228981
3238,233848
3239,253055
3240,233866
3241,272781
3242,279438
3243,279731
3244,225720
3246,242381
3247,269262
3249,232162
3250,259058
3252,232203
3253,194059
3254,248857
3255,276003
3257,250955
3258,258892
3259,193884
3261,277878
3262,248695
3264,190868
3266,253619
3267,233414
3270,255185
3271,243669
3272,236247
3273,236506
3274,240863
3275,74473
3276,228082
3277,237833
3278,255760
3279,221713
3280,274722
3281,246057
3283,231985
3284,243527
3285,268116
3286,263773
3290,208260
3291,236420
3292,71305
3293,206222
3294,272783
3296,199572
3297,199830
3299,263603
3300,237005
3301,254928
3303,234984
3304,208622
3305,269302
3306,199439
3307,236817
3308,257558
3309,264220
3311,197926
3312,276007
3313,244263
3316,246099
3317,270686
3318,231266
3319,213134
3320,221331
3321,199829
3322,251545
3324,247463
3325,234679
3326,207804
3327,241861
3328,243661
3329,262361
3330,192241
3331,244725
3332,227584
3333,236037
3336,76603
3337,231507
3338,266069
3339,227927
3340,263268
3342,237678
3343,75150
3344,74649
3345,263583
3346,254653
3347,202686
3348,230336
3349,242369
3350,216258
3351,225509
3354,240653
3355,244767
3356,234045
3357,251464
3358,182091
3359,267873
3360,212075
3361,199562
3362,271767
3363,274089
3364,246457
3365,210646
3367,266731
3368,261108
3369,203782
3370,248328
3371,261128
3372,224265
3373,222994
3374,258846
3375,227881
3377,256819
3378,271668
3380,244796
3381,268864
3382,276048
3383,215129
3384,253283
3385,223344
3386,263804
3387,247678
3388,233378
3389,279467
3390,77760
3391,234945
3392,269264
3395,230372
3396,257259
3397,256502
3398,236535
3399,276745
3400,241418
3401,224019
3403,276528
3404,273969
3405,202808
3406,245061
3407,230233
3408,233568
3409,271721
3410,261745
3412,263808
3413,260236
3414,211635
3415,254899
3416,72889
3417,237242
3419,243133
3420,279497
3423,230380
3424,266751
3426,221705
3427,239379
3428,231446
3430,271132
3431,237091
3432,221479
3435,184901
3436,219466
3437,230475
3438,262221
3439,214354
3440,253275
3442,256370
3443,222081
3444,262025
3445,245388
3446,184472
3447,242335
3448,234913
3450,224424
3451,266170
3452,217794
3453,246729
3454,208592
3455,236498
3456,232148
3457,206551
3459,258040
3460,247041
3462,70415
3463,215331
3464,255523
3465,230442
3466,227659
3467,230477
3469,243034
3470,193141
3471,266624
3473,235166
3475,211891
3476,270517
3478,251595
3480,244692
3483,198640
3484,199159
3487,225028
3488,227591
3489,183569
3490,240663
3491,263194
3492,186139
3493,212516
3494,277797
3495,189221
3496,245543
3497,247086
3499,243788
3500,227929
3503,242542
3504,241775
3505,246937
3506,262300
3508,263853
3510,253120
3512,244946
3513,237268
3514,255472
3515,70650
3516,197891
3517,176137
3518,246548
3519,251926
3520,269899
3521,271452
3523,271201
3524,259188
3525,268411
3526,240513
3527,269186
3529,222109
3530,194209
3531,202676
3533,225995
3534,252108
3535,244435
3536,222429
3537,221664
3538,263908
3539,243953
3540,241150
3541,244480
3542,251922
3543,230427
3544,218659
3546,237613
3548,278076
3549,209744
3551,246389
3552,222583
3553,230526
3554,225668
3555,268719
3556,266160
3557,198836
3558,230341
3560,253130
3561,242393
3563,247009
3564,248805
3565,229354
3566,226539
3567,259070
3568,70671
3569,265514
3570,261171
3573,221791
3574,69997
3575,230259
3576,256420
3578,263099
3580,226765
3581,245715
3582,233705
3583,204033
3584,228614
3585,235526
3586,251161
3587,245287
3588,224330
3590,259921
3591,258906
3592,229217
3593,258922
3595,242554
3596,224395
3597,247447
3598,231580
3600,267974
3601,258784
3602,259563
3603,235770
3604,230397
3605,244513
3606,248870
3607,196916
3610,255036
3611,213317
3612,275545
3613,233571
3614,244082
3618,229267
3619,225428
3620,202905
3621,265627
3622,277668
3624,275638
3625,232120
3626,72916
3627,244948
3628,240605
3629,230377
3630,193794
3631,264200
3632,194846
3633,271916
3634,234298
3636,261195
3637,243801
3638,244067
3639,202087
3640,234870
3641,256887
3642,279188
3644,262581
3645,207807
3646,274122
3647,264175
3648,271092
3650,231930
3653,273459
3654,246846
3655,232000
3657,251810
3659,256442
3660,228283
3661,227787
3662,236246
3663,217585
3664,232439
3665,246785
3666,270611
3667,275233
3670,247599
3671,198200
3672,246845
3673,220739
3674,276295
3675,276583
3676,236650
3677,207732
3678,261243
3679,245903
3680,275867
3681,220600
3683,240319
3685,251842
3687,222153
3688,226777
3689,192231
3690,238569
3691,248811
3692,252410
3693,273663
3694,229894
3695,210951
3696,235029
3697,236316
3699,266032
3700,226103
3701,202814
3702,260432
3703,262740
3705,261478
3708,261249
3709,73617
3711,229015
3712,263582
3713,242350
3714,266688
3715,216774
3716,263883
3717,202208
3718,262383
3719,255730
3720,275446
3722,215064
3723,248356
3724,254245
3726,231733
3727,272699
3728,233793
3729,264775
3730,241992
3731,240211
3732,239956
3734,79459
3735,247143
3736,191856
3737,200820
3738,251769
3740,212613
3741,276625
3742,259478
3743,215195
3744,266669
3745,212153
3746,236993
3747,213959
3748,255446
3749,245988
3750,262394
3751,270587
3754,271378
3756,279841
3757,257320
3758,219177
3759,269632
3760,215112
3761,252488
3762,241489
3763,243539
3764,220509
3765,250997
3766,223355
3767,204684
3768,269729
3770,210864
3771,211384
3772,222399
3773,240331
3774,242907
3775,268511
3777,212205
3779,231923
3782,77883
3783,200778
3785,267607
3786,78423
3787,269922
3789,252038
3790,236170
3791,237453
3792,246159
3793,234640
3794,247471
3795,271539
3796,201911
3797,261312
3798,78788
3799,219848
3801,224724
3802,271575
3803,272604
3804,198635
3805,228591
3806,264432
3807,256501
3808,228859
3809,233988
3810,234769
3811,262968
3812,244800
3813,247368
3814,232526
3815,245598
3816,261987
3817,258931
3818,240503
3819,269953
3820,262788
3822,225931
3823,235156
3824,248729
3825,233379
3827,74406
3828,246959
3829,211381
3830,271544
3831,246723
3832,218066
3833,225237
3834,230385
3835,226035
3836,268790
3837,241915
3838,223740
3839,222724
3840,229636
3841,256545
3842,247844
3845,202316
3847,262480
3849,256602
3850,253810
3851,248443
3853,72834
3854,230278
3855,257164
3856,251790
3857,263845
3858,213933
3859,246960
3861,210386
3862,276946
3863,260056
3864,261336
3866,231942
3867,210695
3868,251187
3869,205897
3870,254537
3871,245341
3872,271461
3873,215399
3874,221801
3875,277618
3876,212602
3877,203138
3878,253833
3879,210826
3880,205989
3881,220085
3882,203733
3883,272599
3884,210401
3885,73718
3888,260638
3889,251191
3890,225100
3891,207440
3892,219259
3893,258685
3895,278660
3896,189060
3897,243604
3898,192678
3899,266155
3900,235754
3901,73964
3903,216072
3904,266253
3905,246809
3906,70690
3907,252706
3908,225317
3909,278567
3911,239669
3912,181318
3913,238157
3914,264272
3915,226130
3916,255590
3917,271722
3918,246127
3920,277902
3921,252861
3922,243673
3923,258781
3924,260843
3925,244723
3926,236532
3927,246263
3928,252936
3929,262666
3930,261145
3932,239394
3933,211786
3935,245340
3936,258923
3937,259185
3939,212626
3940,228782
3943,222930
3945,264418
3946,264421
3947,243456
3949,253953
3951,246301
3952,228894
3953,221986
3954,231460
3955,229163
3956,199986
3957,230199
3958,242753
3959,74566
3960,224591
3961,270674
3962,206171
3963,211302
3965,220534
3966,256634
3967,261264
3968,215970
3969,248231
3970,213418
3972,239553
3973,219595
3975,255703
3976,272602
3977,277211
3979,197860
3980,266728
3981,261097
3982,229377
3983,197391
3985,205365
3987,268375
3988,256097
3990,247668
3991,221306
3992,254075
3994,240783
3996,224921
3998,260014
4000,272566
4001,268728
4002,227527
4003,250823
4004,237256
4005,225996
4006,251603
4008,240611
4009,251373
4011,232708
4012,243491
4014,73301
4015,260183
4016,247138
4017,247658
4018,279925
4019,266872
4020,244603
4021,261244
4022,270465
4023,231307
4025,279709
4026,258475
4027,81326
4029,224956
4030,268753
4033,236518
4035,253193
4036,199215
4038,260149
4039,205630
4041,217160
4042,267860
4044,276314
4047,260479
4050,262607
4051,228047
4052,194769
4053,263390
4054,253153
4055,257020
4056,274445
4057,231448
4059,220702
4060,72997
4062,268868
4063,251236
4064,74862
4065,79991
4066,234875
4067,257157
4068,232843
4070,238743
4071,237994
4072,263602
4075,238793
4076,221919
4077,238303
4078,268771
4079,248587
4080,255500
4082,252193
4083,199231
4085,263504
4086,258407
4087,234867
4088,194431
4090,266400
4091,261032
4092,262062
4094,231627
4095,277708
4096,242640
4098,196318
4099,230368
4100,213498
4102,218887
4103,212232
4106,176920
4107,251431
4108,247336
4109,256044
4111,230203
4112,204121
4114,240743
4117,272753
4118,224882
4119,189303
4120,274559
4121,211594
4122,262551
4123,226720
4124,238509
4125,261298
4126,229073
4127,74207
4129,230912
4130,220172
4131,262414
4133,236836
4134,247335
4135,230193
4136,271922
4137,269889
4138,276547
4139,255098
4141,214661
4142,212879
4143,72849
4144,246681
4145,262311
4146,234927
4147,252083
4150,256199
4151,256970
4152,230607
4154,244464
4155,224508
4157,270086
4158,257286
4159,210450
4160,230456
4161,231485
4162,258880
4163,73288
4164,228174
4167,263518
4169,258679
4171,227706
4172,253822
4173,243849
4174,237198
4175,275343
4176,237715
4177,242325
4178,158625
4179,235949
4180,216497
4181,236474
4182,231108
4183,234970
4184,79331
4185,198628
4187,236810
4188,176930
4190,230212
4191,272453
4192,183632
4194,237138
4195,276066
4196,245097
4198,256119
4199,236413
4200,224661
4201,273577
4203,228781
4204,245685
4206,263133
4207,205548
4208,255468
4209,242418
4210,270077
4211,275462
4212,230443
4213,224049
4214,224305
4215,275763
4216,189250
4217,69967
4218,273748
4221,243315
4222,254585
4223,261769
4224,278159
4225,233874
4227,230812
4228,251560
4231,232119
4232,234941
4233,255700
4234,206558
4235,276969
4236,255738
4237,232710
4238,80911
4239,246816
4240,272421
4241,258608
4242,241981
4243,240963
4244,74317
4247,257896
4248,72817
4249,278928
4250,79015
4251,210603
4252,228783
4253,212401
4255,230346
4256,220620
4257,230357
4258,259569
4259,221428
4260,206089
4261,199435
4262,252960
4263,73002
4264,233265
4266,246844
4267,263230
4268,237385
4270,277594
4271,236634
4272,276070
4273,214650
4274,194964
4275,225956
4276,232871
4277,260779
4278,253102
4279,269248
4282,269258
4283,276682
4284,235744
4287,262148
4289,234002
4290,222256
4292,248149
4295,252526
4297,248688
4298,278902
4299,256397
4300,222350
4301,70291
4302,238490
4303,234399
4305,201895
4306,208330
4307,274133
4308,279256
4309,265726
4310,221197
4311,70958
4312,246093
4313,247122
4314,197971
4316,226395
4317,184156
4318,202851
4319,262260
4320,222838
4321,242294
4322,248710
4323,267920
4324,262289
4326,213152
4327,277672
4328,266673
4329,271542
4330,269513
4331,271306
4332,206031
4334,243154
4335,277217
4337,224488
4339,70129
4340,231667
4341,233465
4342,245247
4343,262412
4346,236319
4348,273711
4349,242744
4350,230461
4353,272718
4354,229456
4355,237140
4356,230245
4357,273768
4358,241002
4359,243828
4360,215930
4361,220029
4362,271248
4363,240798
4364,243898
4365,211899
4366,242112
4368,215245
4369,274134
4370,230362
4371,250854
4372,275691
4374,246789
4375,270107
4376,255776
4377,234276
4378,232232
4379,271659
4380,242998
4381,194879
4382,268895
4383,235890
4384,232311
4385,251521
4386,240777
4387,233871
4389,211098
4390,234148
4392,212692
4394,273128
4395,255210
4396,230134
4397,79109
4398,256526
4399,213530
4402,214838
4403,230200
4404,250947
4405,258393
4406,259170
4408,253052
4409,272776
4411,252059
4412,213665
4414,277704
4415,230857
4416,225748
4418,279777
4419,201967
4420,261374
4421,265999
4422,74774
4423,245270
4424,266792
4425,225600
4426,213331
4427,229504
4428,278661
4429,251532
4430,238230
4431,273840
4432,258230
4433,262840
4434,73406
4435,266183
4437,231131
4439,260082
4440,244224
4442,266270
4443,279857
4444,232755
4451,220291
4452,237204
4453,255380
4454,243349
4455,242596
4456,236712
4457,72876
4458,74939
4460,240583
4461,273616
4462,259797
4463,189160
4464,269306
4465,239360
4466,261155
4468,242041
4470,260492
4471,270478
4472,269725
4473,211365
4474,216741
4476,263343
4477,239795
4478,274102
4479,236997
4480,263397
4481,232166
4482,223979
4483,276216
4485,268313
4486,238882
4487,203575
4488,215103
4490,236633
4491,276319
4492,266605
4493,278399
4494,207762
4495,233885
4496,246947
4497,79560
4498,247249
4499,233941
4500,224470
4503,199146
4504,264180
4505,254204
4506,223489
4507,246284
4508,241173
4509,248342
4511,259869
4512,246310
4513,235047
4514,225844
4515,77644
4516,74321
4517,259690
4520,241042
4521,243360
4522,266668
4523,255409
4524,233139
4525,253114
4526,78784
4529,225734
4530,215020
4531,167663
4532,228863
4533,245249
4534,234501
4535,256564
4536,235088
4537,257118
4538,254062
4539,243841
4540,269964
4541,175254
4542,255913
4543,263361
4544,76739
4545,210377
4549,268504
4550,153048
4551,245218
4552,241131
4553,248820
4554,278262
4555,264705
4556,250881
4557,79107
4558,261131
4559,251927
4561,270637
4562,253240
4563,250946
4565,259139
4566,246107
4567,228738
4568,232857
4569,75214
4570,73173
4571,275163
4573,254188
4575,273932
4576,262672
4577,264209
4578,236818
4579,237331
4581,253490
4582,240956
4583,222273
4584,235842
4586,246097
4587,247648
4588,222052
4589,228715
4590,251001
4591,177279
4592,219780
4593,263049
4594,269962
4595,214414
4596,221336
4597,72859
4598,264349
4599,271013
4600,268474
4601,76991
4602,223680
4603,237511
4604,278228
4605,205015
4606,263389
4607,270820
4608,256741
4610,261875
4611,257270
4612,205818
4613,76286
4615,262430
4616,187936
4617,260144
4619,251974
4620,221767
4621,213835
4623,80467
4624,231512
4626,241245
4627,226401
4628,254824
4630,241793
4631,252577
4632,263854
4633,260547
4634,255174
4635,197831
4636,70114
4637,275703
4640,263701
4641,227632
4642,224069
4643,239175
4644,242263
4645,274535
4646,256118
4647,229251
4648,219525
4649,263861
4650,251592
4651,231391
4652,241130
4653,269558
4654,190738
4655,71959
4656,273693
4657,243756
4658,237101
4659,241474
4660,258626
4661,216183
4662,209039
4663,213905
4664,278172
4666,237732
4668,230313
4669,260778
4670,230316
4671,277693
4673,79334
4674,198131
4675,79608
4676,225793
4677,254470
4678,257307
4681,270657
4682,230984
4683,263761
4684,275290
4685,229980
4686,212592
4687,203128
4689,73094
4690,235658
4692,215703
4694,278452
4695,246459
4696,252859
4697,270012
4698,233151
4699,242629
4700,238792
4701,232658
4702,254680
4703,263918
4704,241412
4707,266029
4708,268083
4709,219956
4710,257090
4711,200309
4712,243061
4713,243834
4714,245893
4716,77450
4717,211856
4719,275102
4721,239267
4722,241835
4723,261035
4725,239048
4726,244685
4727,275411
4728,226260
4729,274906
4730,177373
4732,230402
4733,258308
4734,245286
4735,250926
4736,221491
4737,199745
4738,277832
4741,226652
4742,255339
4743,209264
4744,252021
4746,253057
4747,223877
4748,213644
4749,250764
4752,243871
4753,225696
4755,263371
4756,252883
4757,199897
4758,76509
4759,225757
4760,276452
4761,246757
4762,265446
4763,248049
4764,214777
4765,253433
4766,230144
4768,75286
4769,239136
4770,228642
4772,270905
4773,260942
4774,254804
4775,252758
4776,257368
4777,233565
4778,214622
4780,220031
4781,200577
4782,224648
4783,234122
4784,273564
4786,219585
4788,259802
4790,244709
4791,248041
4792,260343
4793,240897
4795,208159
4796,238379
4797,225075
4798,246592
4799,248385
4801,254819
4802,261993
4803,227947
4804,275328
4805,270215
4806,230047
4808,256441
4809,240060
4810,212419
4811,212934
4813,235471
4814,251104
4815,250853
4817,74240
4818,214065
4819,277811
4820,223810
4821,251469
4823,269398
4825,255835
4826,257886
4827,217699
4828,237155
4829,250724
4830,244076
4831,266100
4833,264581
4834,271495
4835,236947
4836,246422
4837,73379
4838,76461
4839,72622
4840,237490
4841,204979
4842,252096
4843,219841
4844,259522
4845,212165
4846,255434
4849,239842
4852,254469
4853,274452
4854,79390
4855,259107
4857,70726
4858,230230
4859,270680
4861,269175
4862,237442
4863,216467
4864,203415
4865,246169
4866,212382
4867,252574
4868,226220
4869,261300
4872,256725
4873,259543
4875,204275
4876,243200
4877,207886
4878,257326
4879,185144
4882,228716
4883,210548
4884,230263
4886,74413
4887,230836
4888,219575
4889,271297
4890,202716
4891,228077
4892,273905
4893,274934
4895,257031
4896,262416
4897,235026
4898,205869
4900,201528
4901,224057
4902,234333
4904,202855
4905,226686
4906,239498
4908,222104
4910,234143
4911,260267
4912,252873
4913,73162
4916,230638
4917,238062
4918,251634
4919,258043
4920,234242
4922,78349
4923,222477
4924,70670
4925,247310
4926,252943
4927,251411
4928,242453
4931,244793
4932,257338
4933,268095
4934,268622
4937,73350
4938,244870
4939,267412
4940,270507
4941,201901
4942,254637
4943,238510
4944,259786
4945,265447
4946,263657
4947,251892
4948,248821
4950,275736
4951,229154
4952,230978
4953,230227
4955,221279
4956,275048
4957,277864
4958,251519
4959,264325
4960,258953
4961,266636
4962,229517
4963,77727
4964,258465
4965,72360
4966,241588
4967,269495
4968,233911
4969,236750
4970,258526
4971,254695
4974,242423
4975,246011
4976,276998
4978,254220
4979,216627
4980,230465
4981,243283
4984,242056
4986,73887
4987,77233
4988,216755
4992,246469
4993,272844
4994,277197
4995,230350
4996,80871
4997,246009
4998,212990
5000,74002
5001,212244
5002,241941
5003,76064
5004,247333
5006,229947
5008,236109
5009,239696
5010,246100
5011,274270
5013,218208
5014,274536
5016,219774
5017,269184
5018,221826
5021,236172
5022,264846
5024,71084
5027,198347
5029,230864
5031,256735
5032,73450
5033,251380
5036,271118
5037,241171
5039,277030
5040,273982
5041,219712
5042,243009
5043,224067
5044,268618
5045,252746
5046,227916
5047,74071
5048,260186
5050,241783
5051,73864
5052,230283
5053,254347
5054,271246
5055,240271
5056,220819
5057,273582
5059,275690
5060,222714
5061,235269
5062,269329
5063,253463
5064,70937
5065,274212
5066,234028
5067,235824
5068,215353
5070,74072
5072,209504
5073,221284
5074,271993
5075,225410
5076,236164
5077,241809
5078,221847
5079,256669
5080,271006
5081,231848
5084,272839
5085,264179
5086,260340
5087,263672
5088,270073
5089,229375
5091,233993
5092,228111
5093,239125
5095,70948
5097,275771
5098,247360
5100,230466
5101,253250
5102,250952
5103,236617
5104,246874
5105,240475
5107,267888
5108,241269
5109,70011
5110,232062
5111,244863
5113,235915
5114,76945
5117,213689
5119,275912
5120,243169
5121,70628
5122,203500
5123,233711
5124,220915
5125,240439
5126,210489
5127,244288
5128,253251
5130,269912
5131,212321
5132,222065
5133,226419
5134,226436
5136,270999
5137,258713
5138,275360
5139,206518
5140,252088
5141,253122
5143,262091
5144,223186
5145,277464
5147,263437
5149,272931
5150,252974
5152,251440
5153,253239
5154,246840
5156,238660
5158,191058
5159,262498
5160,244322
5161,264295
5162,218985
5163,253296
5164,236147
5165,233591
5166,214906
5167,274555
5169,72586
5171,207513
5172,247195
5173,246431
5174,244133
5175,193957
5176,70335
5177,271816
5178,80073
5179,259790
5180,251352
5181,72419
5184,73453
5185,210413
5186,224763
5187,222461
5188,273933
5189,266272
5190,234019
5191,212267
5192,202033
5193,228145
5196,257397
5197,226167
5198,261000
5199,262794
5200,73615
5201,204687
5202,236944
5204,235161
5205,240289
5206,238758
5208,233400
5209,239042
5210,79049
5211,253385
5212,235991
5213,229605
5214,243966
5215,211204
5218,248107
5219,75055
5220,237122
5221,269385
5223,236890
5224,228211
5225,210304
5226,261011
5228,257946
5229,230302
5230,183966
5231,235425
5232,244143
5233,257204
5234,273080
5235,251579
5237,264392
5238,237000
5239,244680
5240,252884
5241,264665
5242,220633
5243,208861
5244,230126
5246,197655
5247,241186
5248,253475
5249,248101
5250,257068
5251,246860
5252,277614
5253,72315
5254,277119
5255,277887
5256,211591
5257,276365
5258,263065
5260,200122
5261,223933
5262,246728
5263,252125
5264,279548
5265,271373
5266,251420
5267,239397
5269,270956
5271,257411
5273,263061
5274,224662
5275,205210
5276,231835
5278,241064
5279,269739
5280,241601
5281,233924
5282,73413
5283,248010
5284,231640
5285,244706
5286,227558
5287,232437
5288,189177
5289,268283
5292,251401
5293,274187
5295,228886
5296,245042
5297,234294
5298,238647
5299,75093
5300,267862
5301,246875
5302,254315
5303,257917
5304,266110
5305,232865
5306,231588
5307,79014
5308,264880
5310,186296
5311,70862
5313,261084
5314,268772
5315,254951
5316,266218
5317,244474
5318,278789
5319,80909
5320,264215
5322,239138
5323,241711
5324,270901
5325,252470
5326,74049
5327,193601
5328,240453
5329,229448
5330,243787
5333,263006
5334,243807
5335,242019
5336,200806
5337,245863
5338,75628
5340,220019
5341,276085
5342,230524
5343,269952
5344,218534
5345,252327
5347,269745
5350,228303
5351,271572
5352,264160
5353,276712
5354,239084
5355,221422
5356,235253
5360,190239
5362,192319
5364,216416
5365,211042
5366,238195
5367,238196
5368,248698
5369,234108
5370,250763
5371,266390
5372,274078
5373,223907
5374,190633
5376,270037
5378,241900
5379,234991
5382,229914
5383,246047
5384,265774
5386,230207
5387,230464
5388,254529
5389,256325
5390,233034
5392,245336
5393,222045
5394,212830
5395,238177
5396,253036
5397,258930
5398,257396
5399,252793
5400,274570
5401,253073
5402,193177
5403,205481
5404,274096
5405,234683
5406,236988
5407,212424
5408,235216
5409,276694
5410,80342
5411,262362
5413,71910
5415,254449
5416,231954
5417,211987
5419,268312
5420,234015
5421,230436
5423,277305
5424,262733
5425,270415
5427,260178
5428,229974
5429,231254
5430,247140
5432,268916
5433,246392
5434,203902
5435,246910
5436,279428
5437,259978
5439,216227
5442,214986
5443,75211
5444,251341
5445,209359
5447,275415
5448,202968
5450,264159
5451,228834
5452,214250
5454,229624
5455,221953
5456,222982
5457,272651
5459,240677
5461,238895
5462,211514
5463,237884
5464,71998
5467,240207
5468,254578
5469,73348
5470,264838
5471,252044
5472,236432
5473,222355
5475,189619
5476,208052
5477,243392
5479,267720
5480,203725
5481,275162
5482,213724
5483,245981
5484,263649
5485,271344
5486,257265
5487,245238
5488,193532
5490,229123
5491,256778
5492,211982
5493,274191
5494,234258
5495,76311
5497,206115
5498,263721
5499,236344
5501,239418
5503,277565
5505,251466
5506,259410
5507,210004
5508,75605
5509,230229
5510,255319
5511,277598
5515,248201
5517,70298
5518,72866
5519,262314
5520,226221
5521,232901
5522,261063
5523,80593
5525,269292
5526,229367
5528,225293
5529,244027
5530,246348
5531,234061
5532,240209
5533,272726
5534,234358
5536,279932
5538,259726
5539,253076
5540,261016
5542,191390
5543,244134
5544,277426
5545,70331
5546,262848
5548,273127
5551,278523
5552,211203
5554,239631
5555,243473
5556,269087
5557,79397
5558,234826
5559,240978
5560,269164
5563,242052
5565,254858
5566,255894
5567,235416
5568,231065
5569,255386
5570,262042
5571,74142
5573,242085
5574,228518
5575,251052
5576,199088
5577,264372
5578,224447
5579,268755
5580,254422
5581,240603
5582,190939
5583,275951
5584,196848
5585,260094
5586,222472
5588,279832
5590,72745
5591,243252
5592,70971
5593,213064
5594,268874
5595,226378
5596,251212
5598,243044
5599,247412
5600,70007
5602,247674
5603,268926
5604,223629
5606,222373
5607,242090
5608,252084
5609,230329
5611,248777
5613,261072
5614,244736
5615,229378
5616,244497
5618,244522
5619,260653
5621,76098
5622,279109
5624,213846
5626,221024
5627,266606
5628,237169
5629,224115
5630,74364
5631,273537
5633,256149
5634,247203
5635,250807
5636,251831
5637,248774
5639,264137
5640,202698
5641,258766
5643,253910
5644,220649
5645,277482
5646,199151
5647,268273
5648,270834
5649,235771
5650,262396
5651,225533
5652,252927
5655,272911
5656,186127
5657,228375
5659,258365
5660,277327
5661,256343
5662,258137
5663,255594
5664,278400
5666,223379
5668,266648
5669,241055
5670,230561
5672,259249
5673,270536
5674,277193
5675,228815
5676,255699
5677,262363
5678,230382
5679,253170
5680,254211
5682,245769
5684,269084
5685,240669
5686,210719
5687,268581
5688,270379
5690,235315
5691,236600
5692,242489
5693,259131
5694,255558
5695,72775
5696,262728
5697,212040
5698,244054
5699,245084
5700,233309
5701,264286
5703,241523
5704,73853
5705,254333
5707,268937
5708,267406
5709,225682
5710,230292
5712,271010
5713,73638
5715,262825
5716,238505
5717,227764
5718,268484
5720,255206
5721,252149
5722,246777
5723,229628
5724,245770
5725,253202
5726,253461
5728,239393
5729,238636
5730,272687
5731,245582
5732,266831
5733,70481
5734,70229
5735,236637
5737,230246
5738,241266
5739,233588
5740,226430
5741,275592
5743,279713
5744,204458
5745,254148
5746,228805
5747,227288
5748,262384
5749,225532
5750,247037
5752,271362
5753,233986
5754,260098
5755,267784
5756,251662
5757,242712
5758,235292
5759,259105
5761,251439
5762,215601
5763,242997
5765,238922
5768,273008
5769,244599
5770,231801
5771,235133
5772,230014
5773,237721
5774,243618
5775,213670
5776,223402
5777,246974
5778,242628
5779,80589
5780,276949
5781,247001
5782,264683
5783,203244
5784,258284
5785,74992
5788,275225
5789,73256
5790,248360
5791,77359
5793,258355
5794,221750
5795,70203
5796,242755
5797,265812
5798,236885
5799,248661
5801,243041
5806,225927
5807,211595
5808,245908
5810,219581
5811,258749
5812,241344
5813,72654
5814,230370
5815,222440
5816,271856
5817,199667
5818,258036
5819,258817
5820,242436
5822,226087
5823,235815
5824,257063
5825,271156
5827,239690
5828,260951
5829,271198
5830,252001
5831,248169
5832,277870
5834,244087
5835,237179
5836,239740
5837,277630
5839,214676
5840,263076
5842,235955
5843,244147
5844,245439
5845,237772
5849,256980
5850,263131
5851,78837
5852,226050
5854,78858
5855,256780
5856,245268
5859,212778
5861,279599
5864,244034
5866,236877
5867,268903
5868,238704
5869,251761
5870,277118
5871,245384
5872,206219
5873,251275
5874,201114
5875,255144
5876,222123
5877,269493
5878,76477
5879,76227
5880,253895
5881,235222
5882,230876
5883,257244
5884,225508
5886,230118
5887,225785
5889,261390
5890,276258
5891,239666
5892,229171
5893,228666
5895,180561
5896,239443
5897,278101
5898,233572
5899,244843
5901,199027
5902,269690
5904,198032
5905,255637
5906,240535
5907,263837
5909,236706
5910,263075
5911,206243
5912,241075
5913,269748
5914,215993
5915,229819
5916,72892
5917,206536
5918,256216
5919,77021
5920,239099
5922,278530
5925,228368
5926,72721
5928,203287
5929,216349
5930,204353
5931,69963
5932,259162
5934,212601
5935,279934
5938,252555
5939,270738
5940,278430
5941,236454
5944,263353
5946,209602
5947,234464
5948,206562
5949,248548
5951,223229
5952,258822
5953,79111
5955,257803
5956,262668
5957,257293
5958,255000
5959,213018
5961,225849
5962,270658
5964,229209
5965,242267
5966,251229
5967,275051
5968,215410
5969,230521
5971,265610
5972,230559
5973,237985
5974,250791
5975,279464
5976,275634
5977,245428
5978,269237
5979,268738
5980,232646
5981,255436
5982,240099
5983,238593
5984,258823
5985,240661
5986,252700
5987,259615
5988,236074
5989,198704
5991,261438
5992,230991
5993,274000
5994,72790
5995,276311
5997,204638
5998,255329
6000,230515
6001,244083
6002,254067
6003,251002
6004,271000
6005,236459
6006,276668
6007,233404
6008,243664
6009,226514
6010,268758
6011,209368
6012,240600
6014,243175
6015,247278
6016,259054
6017,242160
6018,255222
6019,275986
6020,206104
6021,211736
6022,198177
6025,199761
6026,274259
6027,73048
6028,230493
6030,243064
6031,263034
6032,237708
6033,267409
6034,246164
6035,251028
6037,251819
6038,251337
6039,216524
6040,243921
6041,235988
6042,267993
6043,262117
6044,205559
6046,274726
6047,73260
6048,73518
6049,211009
6050,275785
6052,271980
6054,276602
6055,233098
6056,205966
6057,247950
6058,236943
6059,241552
6060,275347
6061,241821
6063,70569
6065,234986
6068,267778
6070,224271
6071,263703
6073,237347
6076,271673
6077,271932
6078,254787
6079,239960
6080,275554
6081,233835
6082,228464
6083,277885
6084,225152
6085,252302
6089,225998
6090,258771
6091,226781
6092,255197
6093,277216
6094,239350
6096,245766
6097,227594
6099,234025
6100,204077
6101,277807
6102,246329
6103,255293
6104,255049
6106,222830
6107,267632
6109,252031
6111,238220
6112,258700
6115,74163
6116,265431
6117,238043
6118,262906
6120,78343
6121,202515
6122,70164
6123,246550
6124,255767
6125,271399
6127,266033
6129,244022
6130,75839
6131,242509
6132,250960
6135,253551
6136,243574
6137,279431
6139,70283
6140,261262
6142,224430
6143,243891
6144,278455
6146,269758
6147,233409
6148,70096
6149,230613
6150,243672
6152,221425
6153,256500
6154,200440
6155,233984
6157,70166
6158,277540
6159,231207
6160,259120
6161,277848
6162,262754
6163,264290
6164,260195
6165,208999
6166,243047
6167,70768
6168,259456
6169,262299
6170,268450
6171,241827
6172,240813
6173,225200
6175,225738
6176,242635
6177,264157
6178,79338
6180,267771
6181,259608
6182,274970
6183,239909
6184,199206
6185,276022
6187,269643
6188,220493
6190,225383
6191,205943
6192,278391
6196,255886
6197,230296
6198,190620
6199,80304
6200,215995
6201,212939
6202,226510
6203,263634
6204,220886
6207,71170
6212,215572
6213,248855
6214,233245
6215,245278
6216,211746
6217,272932
6218,264485
6219,246827
6220,245040
6221,272990
6222,276831
6223,220785
6226,238763
6227,275639
6228,189881
6229,262586
6230,272829
6231,240329
6232,226507
6233,262349
6234,76751
6236,74209
6238,153060
6239,241397
6240,233486
6241,231706
6242,220198
6244,239925
6245,229942
6246,236364
6247,261970
6248,167512
6249,259673
6250,271969
6251,238953
6252,72824
6254,244869
6255,240317
6256,242624
6257,264644
6261,232670
6262,268776
6263,230132
6264,245751
6265,74233
6266,73217
6268,211240
6269,235817
6270,258604
6272,75074
6273,233804
6274,208974
6276,271451
6277,214896
6278,230260
6280,251288
6281,70053
6282,277719
6283,217047
6284,255454
6285,72159
6286,79327
6287,245231
6288,236800
6289,252164
6290,234249
6291,272916
6292,266774
6293,234007
6294,77080
6295,277786
6296,271645
6297,239901
6299,263464
6300,244783
6302,253010
6303,210259
6304,262752
6305,236390
6308,79480
6309,267931
6310,254368
6312,222165
6313,276189
6314,242156
6316,234497
6317,269842
6318,247060
6319,257051
6320,201514
6322,192816
6323,238643
6324,222262
6326,214333
6327,225125
6328,273548
6330,251291
6331,236956
6332,204451
6333,228017
6334,247476
6336,270554
6337,223969
6338,234727
6339,260086
6340,76537
6342,270341
6343,265761
6344,247330
6347,241967
6348,79930
6349,237642
6351,257104
6352,270931
6353,74835
6354,274516
6355,242004
6358,234107
6359,260235
6360,271247
6361,224438
6362,261563
6363,76740
6364,251339
6365,264416
6368,243949
6370,276736
6371,251651
6372,217606
6374,201240
6375,256282
6376,79389
6377,246054
6378,71997
6379,70728
6380,270923
6381,239179
6382,206159
6383,239441
6384,257877
6386,274522
6387,240226
6388,271716
6391,254840
6394,225692
6396,237469
6397,259767
6398,79032
6399,231366
6400,76488
6401,247500
6403,237286
6404,243445
6406,233476
6408,277269
6409,214308
6410,272422
6411,245041
6412,239672
6413,262224
6414,233812
6415,270679
6416,242525
6418,259184
6419,245368
6420,229249
6421,74370
6423,258728
6426,240589
6427,263897
6428,80601
6429,72423
6430,255474
6431,268536
6432,277752
6433,261880
6434,272891
6435,276485
6436,71944
6437,272648
6439,228136
6441,81475
6445,232826
6446,251528
6447,201876
6448,72858
6449,257437
6450,220851
6452,262081
6453,259272
6454,226506
6456,251342
6457,266709
6458,271320
6460,247782
6461,264681
6463,237307
6464,241157
6465,72454
6466,223510
6468,72754
6469,266041
6470,269116
6471,266050
6473,279881
6474,244824
6475,221534
6476,259423
6477,269155
6479,224618
6480,252016
6481,263029
6482,266871
6483,236675
6484,260739
6485,228744
6487,230288
6488,72869
6490,258494
6491,243923
6493,233710
6495,273651
6496,239091
6498,240632
6499,231932
6500,262398
6501,274195
6502,278040
6507,251198
6508,260930
6509,69957
6510,236113
6511,263250
6513,236889
6514,255838
6515,246118
6516,274046
6518,233097
6519,255140
6520,74150
6521,238759
6522,257194
6523,279473
6524,261304
6525,234426
6526,256731
6527,276191
6528,203746
6530,70943
6531,73511
6532,264492
6533,248110
6534,277295
6535,271666
6536,230454
6537,246604
6538,273750
6539,246112
6540,266113
6542,277897
6543,220821
6546,253106
6547,265651
6548,276163
6549,258507
6550,74962
6551,214226
6552,278499
6553,274405
6554,251110
6555,70651
6557,223746
6558,236038
6559,230407
6560,263182
6561,228627
6562,279847
6563,272939
6564,188989
6565,225087
6566,224324
6567,230474
6568,269644
6570,262240
6571,223593
6572,74094
6573,228974
6574,246649
6575,222587
6576,255105
6577,72589
6578,263312
6579,237975
6581,245414
6582,254136
6583,260546
6584,273863
6585,79821
6586,246230
6587,242924
6588,245014
6589,79915
6591,227394
6592,242513
6593,235347
6594,230486
6596,230503
6597,215412
6598,243575
6599,269176
6603,72852
6604,272542
6605,253349
6606,213163
6607,240814
6609,232381
6610,273599
6611,246471
6613,265680
6614,222168
6615,246237
6616,228838
6617,236524
6618,257518
6620,238368
6621,261161
6622,79147
6623,275003
6624,258875
6625,234814
6626,260927
6628,72776
6629,257112
6633,74393
6635,242850
6636,258468
6637,259776
6638,222145
6639,274401
6640,258051
6641,274692
6642,265478
6643,241689
6644,247085
6645,251953
6646,248117
6650,277626
6651,230280
6652,204193
6653,263089
6654,259251
6655,78261
6656,253886
6657,262082
6658,248788
6659,235989
6662,272357
6663,242414
6665,80376
6666,78085
6668,259612
6671,226651
6672,242528
6673,231527
6674,240248
6675,275087
6677,268715
6678,232132
6679,270538
6680,216790
6681,238089
6682,71178
6683,263180
6684,247833
6686,271675
6687,275046
6689,234856
6690,73070
6691,235906
6694,226205
6695,176048
6696,216255
6697,269506
6701,263132
6702,71401
6704,260100
6705,77074
6706,187157
6707,234783
6708,270885
6709,78658
6710,226633
6711,239439
6712,230737
6713,243795
6714,197716
6715,266585
6716,78172
6717,271197
6718,230495
6719,267872
6720,235360
6721,264035
6722,263273
6724,268672
6726,251030
6727,199577
6728,74409
6729,241079
6730,240826
6731,213702
6732,273866
6733,254158
6734,261861
6736,246790
6737,277517
6738,258574
6739,278035
6740,262173
6741,264221
6742,221982
6743,264488
6744,233770
6745,268081
6746,272690
6747,246074
6748,256059
6749,169792
6750,258139
6751,79981
6752,226172
6753,260738
6754,232067
6755,226958
6756,231574
6760,74436
6761,210380
6763,229842
6764,210389
6765,242663
6766,246249
6767,81406
6768,274699
6769,263953
6770,235288
6771,230429
6772,77104
6773,266299
6774,229436
6775,228416
6776,264770
6777,243016
6778,266084
6779,237415
6780,242541
6781,256380
6782,242302
6783,272515
6784,73355
6785,245132
6786,198811
6787,245149
6788,209315
6789,247722
6790,71351
6791,277692
6792,248784
6794,252379
6795,240606
6796,225775
6797,226295
6799,229631
6800,238091
6801,259854
6802,79149
6803,272430
6806,230713
6807,263228
6808,271974
6809,74088
6811,270704
6813,238460
6815,260000
6816,76705
6818,262839
6819,79552
6820,234177
6821,258039
6823,264711
6824,259847
6825,233231
6826,236315
6828,261182
6830,240715
6832,225106
6833,180818
6834,266586
6835,211565
6836,210544
6837,207730
6838,248434
6839,201335
6840,240258
6841,79752
6843,244110
6845,241818
6846,274845
6849,211389
6850,250822
6851,243401
6852,229327
6853,268760
6854,256998
6855,230414
6856,73767
6857,248105
6858,219957
6859,251961
6860,78418
6861,269424
6862,244601
6864,261765
6865,274834
6866,256421
6868,272562
6869,72884
6870,240829
6871,79039
6872,259781
6873,243918
6875,201172
6876,252897
6878,261359
6879,271108
6880,252183
6881,213017
6882,231199
6883,259361
6884,260645
6887,268330
6889,262216
6890,279624
6892,243545
6893,253276
6894,279903
6895,273771
6897,275336
6898,274569
6899,79253
6900,251311
6901,276659
6902,71106
6905,232144
6906,258271
6908,253418
6910,276976
6911,263153
6912,262902
6913,236803
6915,225557
6916,80152
6917,245539
6918,200741
6919,239403
6922,200781
6923,235855
6924,230480
6925,230485
6928,203428
6929,247731
6930,208063
6931,243904
6932,257498
6935,244471
6937,206601
6938,264718
6939,252175
6940,234515
6941,253465
6942,70687
6943,273952
6944,255015
6947,212790
6948,79428
6949,201285
6952,233045
6953,210029
6955,243845
6956,275594
6957,229277
6958,186783
6959,262316
6960,261552
6961,233424
6962,263637
6963,72918
6964,214238
6965,224996
6966,79333
6967,207620
6968,279557
6969,73485
6970,279314
6971,218651
6972,251677
6973,74784
6974,229923
6975,260133
6976,262699
6978,76097
6979,268098
6980,223054
6981,257872
6982,77152
6983,213374
6984,243840
6985,247686
6986,186507
6987,226705
6988,266927
6989,228033
6990,270531
6991,272853
6992,277975
6993,223977
6995,239612
6996,77103
6997,70448
6998,246068
6999,232535
7000,199000
7001,244825
7002,248168
7003,274065
7004,256162
7005,212643
7006,235946
7008,277943
7009,262593
7010,240323
7011,253152
7012,276211
7013,264692
7016,261897
7019,212493
7022,255772
7023,254752
7024,246826
7025,245039
7026,267831
7027,260421
7028,237382
7029,243019
7031,74322
7032,74611
7034,221820
7035,222351
7036,211362
7037,254135
7038,273100
7039,254685
7041,258786
7042,251880
7043,251891
7044,229881
7045,71174
7046,244511
7047,70689
7052,241499
7054,252512
7055,236393
7056,248718
7057,241039
7058,223381
7059,266654
7060,262566
7061,202678
7062,70333
7064,194018
7065,253416
7066,266474
7067,272875
7069,247288
7070,211707
7071,78339
7072,253974
7074,258339
7076,252970
7078,232250
7079,271931
7080,243532
7081,81233
7082,229713
7083,246108
7084,277615
7085,276083
7086,263801
7088,228238
7089,220306
7090,240808
7091,232873
7093,255451
7094,73437
7095,74478
7096,261614
7097,271090
7099,259066
7101,212994
7102,277767
7103,241160
7104,260105
7105,210964
7106,239642
7108,277301
7110,259130
7111,261691
7112,232765
7113,228171
7114,240981
7115,276566
7116,236379
7117,258910
7118,265829
7119,258165
7120,71297
7122,274057
7123,207502
7124,272785
7125,271014
7126,230055
7127,72877
7128,199602
7129,223685
7130,237255
7131,202697
7133,242906
7134,265437
7135,258273
7136,266740
7137,273652
7139,247040
7140,209409
7141,258564
7143,261652
7145,221989
7146,266797
7147,269620
7148,251454
7150,242751
7151,267593
7154,225625
7155,73051
7156,76125
7157,206431
7158,237152
7159,277601
7160,251745
7161,233315
7162,251257
7163,237705
7164,228748
7165,228751
7166,76444
7167,279455
7168,271265
7169,253861
7170,212912
7171,266162
7173,220616
7174,260046
7175,232413
7176,75248
7178,235773
7179,264450
7180,274948
7181,269579
7182,279820
7183,270355
7184,234772
7185,274458
7186,224538
7187,253474
7188,244024
7189,78415
7190,70745
7192,211561
7193,74865
7194,70022
7195,223370
7196,72588
7198,234129
7199,254871
7201,277657
7204,250786
7205,268452
7206,262569
7208,75697
7209,179636
7210,262584
7211,202170
7212,231616
7213,80861
7214,175851
7215,243970
7216,274439
7218,208146
7219,270110
7220,279332
7222,278326
7225,278854
7226,279623
7227,263255
7228,244319
7230,263786
7232,256898
7233,74117
7234,256392
7235,236178
7236,229269
7237,237206
7238,72098
7239,229543
7240,252073
7241,74431
7242,259524
7243,263112
7244,226518
7246,244715
7248,73973
7249,234241
7250,233225
7251,216346
7252,252698
7253,242716
7255,268342
7256,246591
7257,279362
7258,243023
7259,278097
7260,74067
7261,246872
7262,216155
7263,259163
7264,70766
7265,238461
7266,257407
7267,279170
7269,238224
7270,270741
7271,193945
7272,265626
7273,256426
7274,74411
7275,236209
7277,252864
7279,269003
7280,211152
7281,247509
7282,72426
7283,228883
7286,264734
7287,256033
7288,255010
7291,207454
7292,73311
7294,238717
7295,240801
7296,73381
7297,251320
7299,258500
7300,274896
7304,214779
7305,272893
7306,239878
7309,277552
7310,214835
7311,229683
7312,243767
7313,254525
7314,271693
7316,238684
7318,270454
7319,255607
7320,208504
7321,214922
7322,260237
7323,269719
7325,258491
7326,258753
7328,274409
7329,208111
7330,268275
7331,220148
7332,269823
7334,76546
7336,278557
7338,219948
7339,242485
7340,70967
7341,257348
7342,70725
7343,231500
7344,70994
7345,69987
7347,77423
7349,261495
7350,245374
7352,279435
7354,224674
7355,240805
7357,273835
7358,231864
7359,189155
7360,77028
7361,179947
7362,223981
7364,221952
7365,278049
7366,262955
7367,263469
7368,273712
7369,270129
7370,77105
7371,276027
7372,228684
7373,190034
7374,73300
7375,221271
7376,75629
7377,277627
7378,270461
7379,259453
7380,79755
7381,274828
7382,239003
7384,234677
7385,242117
7386,244167
7387,234955
7388,208590
7389,81358
7390,276692
7392,271576
7393,255449
7394,235742
7395,263906
7396,270828
7397,79098
7398,79363
7399,263941
7400,278286
7402,244757
7403,242223
7404,262984
7406,221014
7407,258149
7408,269947
7409,244349
7411,266905
7412,244653
7413,254131
7415,272328
7416,232653
7418,76240
7419,268267
7420,78836
7421,226561
7422,254480
7423,254482
7424,270877
7425,259874
7426,70438
7427,257831
7428,275754
7429,208949
7430,225589
7431,277322
7432,269132
7433,277070
7435,221793
7436,242787
7437,261989
7440,230273
7441,269705
7442,198538
7443,166539
7445,248723
7446,233373
7447,80300
7448,230578
7450,279735
7452,231615
7453,72656
7454,239090
7455,251642
7456,246788
7457,261391
7458,234004
7459,246804
7460,256791
7461,254507
7462,242230
7464,229702
7465,247623
7467,260456
7468,199282
7469,70005
7470,227982
7476,246228
7478,270812
7480,230379
7481,235244
7482,256748
7483,268781
7485,276743
7486,274440
7489,248868
7490,241963
7491,278573
7492,256307
7493,245563
7494,74813
7495,262978
7496,269133
7497,251981
7498,204111
7500,79448
7501,270937
7502,224094
7503,262242
7504,268920
7505,251781
7507,270729
7509,276632
7512,262580
7517,79587
7518,257508
7519,243690
7520,206584
7521,248056
7522,231929
7523,269310
7524,71682
7525,268291
7526,265476
7529,229657
7530,271919
7531,247089
7532,257332
7533,264245
7535,179543
7537,73866
7538,241038
7539,265617
7540,237213
7541,239012
7542,227759
7543,233656
7544,239800
7545,237503
7547,205255
7548,274927
7549,183544
7551,248869
7552,256047
7554,276289
7556,237666
7557,278889
7558,255347
7559,70264
7560,252036
7561,255628
7562,79758
7563,72598
7564,271525
7566,239799
7567,272568
7568,255420
7569,278464
7570,278725
7572,230624
7573,266722
7574,74210
7575,258788
7576,252903
7577,257768
7578,214766
7579,259825
7580,235507
7581,241659
7582,262142
7583,273921
7585,203780
7586,276493
7587,206606
7588,203026
7590,248863
7591,230433
7592,203309
7593,258635
7594,255314
7595,219486
7596,264804
7597,252263
7598,191083
7599,251247
7600,222576
7601,250993
7602,246396
7603,264065
7604,246920
7605,270475
7606,230285
7607,277664
7608,229536
7609,262568
7610,264621
7611,190640
7612,245170
7613,215750
7614,240599
7616,229620
7617,212487
7618,76298
7619,274449
7620,272668
7621,212002
7622,269866
7623,264247
7624,211003
7625,230224
7628,261992
7629,71790
7630,73584
7631,260984
7632,70012
7633,220829
7634,233377
7636,213949
7637,220862
7638,277448
7640,225772
7641,263675
7642,241686
7643,279831
7644,278047
7645,256296
7647,74574
7651,240481
7652,258147
7653,250992
7654,190324
7655,275067
7657,275595
7658,240277
7659,264347
7660,230299
7661,276901
7663,241585
7664,233394
7666,264390
7668,236767
7669,239073
7670,235751
7673,231436
7674,272912
7675,246298
7678,230232
7679,224093
7680,79478
7681,203398
7682,79757
7683,244112
7684,251024
7685,257703
7686,266161
7688,247741
7689,70120
7690,272365
7692,278780
7693,269565
7694,79122
7695,70679
7697,263990
7698,268860
7701,234827
7703,72284
7704,74849
7705,264039
7706,274553
7707,238974
7709,263563
7710,247187
7713,268724
7714,253384
7715,269288
7717,253932
7718,234487
7722,242195
7724,274196
7727,248357
7729,256308
7730,79158
7731,277052
7733,269149
7734,251235
7735,213094
7736,74344
7737,278903
7739,245894
7740,278664
7741,273546
7742,230282
7743,236692
7745,263841
7746,279472
7747,228790
7748,253121
7749,74697
7750,245716
7751,267481
7752,268529
7754,263949
7755,70163
7756,272920
7758,226084
7759,72246
7760,257080
7761,258360
7763,70723
7764,276035
7765,264273
7766,276312
7768,251499
7769,228461
7770,255361
7772,247180
7773,253071
7774,267426
7775,264364
7776,80816
7777,74930
7778,253111
7780,254672
7783,203485
7785,77033
7786,261099
7787,214769
7788,262153
7789,72972
7791,272919
7793,263208
7795,229930
7796,74545
7797,262713
7798,74044
7799,272959
7800,235329
7801,239682
7802,204639
7803,70497
7804,243817
7805,237420
7807,255866
7808,251516
7810,243080
7811,258702
7812,262057
7813,272303
7814,241332
7815,241341
7816,260030
7817,73159
7818,271563
7819,253651
7823,268007
7824,235769
7825,221956
7829,266026
7830,270636
7831,76339
7832,260414
7833,274011
7835,274564
7836,200841
7837,245131
7838,271507
7839,266653
7842,252580
7843,256164
7844,231601
7845,274617
7846,279739
7847,215228
7848,71359
7849,235970
7850,259288
7851,155355
7852,275438
7853,278003
7854,74753
7855,246787
7856,80668
7857,205603
7858,269874
7860,264511
7863,70473
7865,246096
7866,269151
7867,276068
7868,245364
7869,208247
7871,243838
7872,267397
7873,276363
7875,236186
7876,279711
7877,277665
7880,81327
7882,233665
7883,79823
7884,236757
7885,244949
7886,225498
7887,237031
7888,231406
7889,234226
7890,278013
7891,276747
7892,239378
7893,80660
7895,79393
7896,177448
7897,221493
7898,70968
7899,212546
7901,238410
7902,247385
7903,203368
7904,70511
7905,229266
7906,230046
7907,213151
7908,79547
7909,270033
7910,277973
7911,260567
7912,240345
7913,244185
7915,267485
7916,78314
7917,251894
7918,278782
7919,75280
7922,70703
7923,71474
7925,277310
7926,230718
7927,233790
7928,256326
7929,221772
7930,186449
7932,278360
7933,245856
7935,79980
7937,230270
7938,260990
7939,216461
7940,236690
7941,248484
7942,261031
7943,222636
7946,262335
7947,275648
7949,209369
7950,74980
7951,230388
7952,240373
7953,70694
7954,277549
7956,205892
7957,267847
7958,252999
7959,230221
7960,243025
7961,271445
7962,73317
7963,213620
7964,260473
7965,251260
7966,222853
7967,236165
7968,236689
7969,244131
7970,279716
7971,72613
7972,76717
7973,223940
7974,239589
7977,277509
7978,254238
7979,70946
7980,277799
7982,71730
7983,254005
7984,236875
7985,268879
7986,259669
7987,262998
7988,229208
7989,260697
7990,252506
7992,72541
7993,272992
7994,238692
7995,279667
7996,71292
7997,210556
7999,72856
8000,72860
8001,75936
8002,72870
8003,256429
8004,223918
8005,220087
8006,253374
8007,279490
8008,186562
8009,235980
8010,261085
8011,273893
8012,226793
8013,204785
8014,207858
8015,264437
8016,252168
8017,79634
8018,275739
8019,245021
8020,219180
8021,262447
8022,274226
8023,242482
8024,72758
8025,264786
8026,259426
8027,71795
8031,233865
8032,235405
8033,243088
8034,79252
8036,229045
8037,272313
8038,195262
8039,211143
8041,190180
8042,274923
8043,71151
8044,277751
8045,261116
8046,253441
8047,215817
8048,223243
8049,273681
8050,270867
8051,70680
8052,240921
8053,266794
8054,239661
8055,234037
8056,248123
8057,258364
8058,263509
8060,202849
8061,71786
8062,277356
8063,254064
8064,233329
8065,240499
8066,264823
8067,230520
8068,260485
8069,266886
8070,271755
8071,78990
8073,259750
8074,234158
8075,213938
8076,72136
8077,231125
8078,265689
8080,74018
8081,70953
8082,271689
8083,250954
8084,266848
8085,75112
8086,270957
8087,182409
8088,81291
8089,241037
8090,213917
8092,266686
8094,278986
8095,253386
8096,207828
8098,80352
8100,238563
8101,73199
8102,247286
8103,264440
8104,72954
8105,76299
8106,263193
8107,276249
8110,79691
8111,260683
8112,242264
8113,236388
8114,265576
8116,258925
8118,191648
8119,74913
8120,242600
8121,79274
8122,259266
8123,78550
8125,243959
8127,265731
8128,215051
8130,266257
8131,75285
8132,266010
8133,277029
8134,251686
8135,267825
8138,239686
8140,247120
8143,272982
8146,240473
8148,262748
8149,238965
8150,253568
8151,215689
8152,200588
8154,258456
8155,70297
8159,262573
8160,265645
8162,72627
8163,259252
8164,276917
8167,272596
8168,237022
8169,233444
8170,257253
8171,260078
8172,263421
8173,232963
8174,259091
8175,266260
8176,265799
8177,70984
8179,276823
8181,259422
8182,255839
8183,275056
8184,228729
8185,216453
8186,244109
8187,206485
8189,221605
8190,265658
8191,244154
8193,73927
8194,269512
8195,251594
8199,76274
8201,233978
8202,279808
8204,252434
8205,246549
8207,261927
8208,240168
8210,275019
8212,242265
8213,268894
8215,272490
8216,239731
8217,247667
8219,70017
8220,73359
8221,211345
8222,270995
8224,73621
8226,73896
8228,235194
8229,251325
8230,72384
8231,247754
8232,223694
8234,276438
8235,214747
8236,243932
8237,254941
8238,203002
8240,76031
8241,242690
8242,246276
8243,223751
8244,226583
8245,225053
8248,267849
8249,72267
8250,235854
8252,79187
8254,243293
8256,252017
8257,206198
8258,246136
8259,78974
8260,246911
8261,277377
8262,244871
8263,71059
8264,245652
8266,223902
8268,223157
8269,257725
8271,257473
8273,279502
8274,233946
8275,266210
8276,80098
8277,242658
8278,264677
8280,200425
8281,258547
8282,251381
8283,231185
8286,78642
8287,210482
8290,209210
8292,77124
8293,79444
8294,279922
8295,228732
8296,246666
8297,243602
8298,277411
8301,251580
8302,277456
8305,238059
8306,279816
8307,230415
8308,270352
8310,253715
8311,77592
8312,80665
8313,237337
8314,264477
8315,269599
8316,71727
8317,229175
8318,238656
8319,265545
8320,276309
8321,269915
8322,234843
8325,257676
8326,219536
8328,246195
8329,242366
8330,226495
8331,224962
8332,80067
8333,261325
8334,239581
8335,266462
8337,77051
8338,273915
8339,266496
8340,74515
8341,271384
8342,219467
8343,263756
8345,223578
8346,78686
8347,74087
8348,247913
8350,198776
8351,269950
8353,182411
8354,224675
8356,252587
8357,72624
8358,243643
8359,273090
8361,267744
8362,254692
8363,250855
8365,77559
8367,239097
8368,230410
8369,72974
8371,215581
8372,208432
8373,75318
8374,271933
8376,259194
8377,279427
8378,275090
8381,211096
8382,244891
8383,208806
8384,241094
8385,220872
8386,240335
8387,230865
8388,237524
8389,77013
8391,260826
8392,243173
8393,222192
8397,200471
8399,245790
8400,79908
8401,198437
8404,73045
8405,224616
8406,238703
8409,234631
8411,259215
8412,266136
8413,273560
8414,271002
8415,73118
8417,267942
8418,208047
8419,235442
8420,262071
8422,254143
8423,253911
8424,261352
8426,276235
8427,258315
8428,231948
8429,75533
8430,268306
8431,258834
8432,274197
8433,209973
8434,230209
8435,263259
8436,278895
8437,242291
8438,266615
8439,255868
8440,72070
8441,80026
8442,201122
8444,261815
8445,266173
8446,277194
8447,266453
8448,257776
8449,194077
8450,179752
8452,279627
8455,269397
8456,73307
8457,264288
8458,229487
8459,244079
8461,237440
8462,278403
8463,240008
8464,224142
8465,255891
8466,276372
8467,73366
8468,271772
8469,275101
8470,221855
8471,71330
8472,256439
8474,234687
8475,71912
8476,227561
8477,264176
8479,262645
8480,80630
8483,256040
8485,189776
8487,276822
8488,260972
8490,233078
8491,79782
8492,244394
8493,72619
8496,236735
8497,243906
8498,205019
8499,248812
8500,272624
8501,247027
8502,252675
8503,279056
8504,259093
8505,242714
8507,200752
8509,254774
8510,255033
8511,273978
8512,80706
8513,264009
8514,71242
8515,251724
8516,277584
8518,241005
8519,74871
8520,246647
8521,257916
8522,191871
8524,221827
8525,261766
8526,204936
8527,80521
8529,224915
8530,235684
8531,229800
8532,232106
8533,223159
8534,258489
8535,239550
8536,72138
8538,75734
8539,279519
8540,242917
8542,230897
8543,231926
8544,246015
8546,277251
8547,221448
8548,260896
8549,232225
8551,78144
8553,77144
8554,276827
8555,77404
8556,250725
8557,270698
8558,263020
8560,276343
8561,263062
8562,224925
8563,264352
8564,236196
8566,259507
8567,238516
8569,271548
8570,200900
8571,243155
8572,243924
8574,258805
8575,235513
8576,275706
8577,257805
8578,79124
8579,257812
8580,260630
8581,256799
8582,271395
8583,251429
8584,243764
8586,237630
8587,70220
8588,257612
8589,226386
8590,279124
8591,240725
8592,256854
8593,279128
8594,224611
8595,76904
8596,267900
8597,266623
8598,252547
8601,248477
8602,279465
8604,72620
8605,252846
8606,72133
8607,270027
8608,264147
8609,244188
8610,251616
8611,78312
8612,203754
8613,79609
8615,80658
8616,264731
8617,247084
8619,260910
8622,206134
8623,243514
8624,212287
8625,264517
8626,262470
8627,262217
8628,248174
8629,227970
8630,77445
8631,217990
8632,238990
8633,258725
8634,246184
8635,258227
8636,247774
8638,234472
8640,244213
8641,264696
8642,75519
8643,256008
8644,203292
8645,207646
8646,257314
8648,237371
8649,252489
8651,74070
8652,267868
8656,190583
8658,269182
8659,227998
8661,239269
8662,274091
8663,255917
8664,74931
8665,255169
8666,80836
8667,267717
8669,269825
8670,243977
8671,74512
8672,273683
8673,242965
8675,252961
8676,251688
8677,268597
8679,279876
8680,258125
8681,259923
8682,264294
8683,79216
8684,72827
8685,258432
8688,243866
8689,274080
8690,279715
8691,216230
8692,253146
8693,247519
8694,255969
8695,80610
8696,270053
8697,211173
8698,231442
8699,239634
8701,194091
8702,263982
8703,262959
8705,267853
8706,253278
8707,74097
8708,247409
8711,272569
8712,266682
8713,217021
8714,72898
8716,266209
8717,70892
8718,239609
8719,258050
8720,259588
8721,253714
8722,261140
8723,277019
8724,269089
8725,71972
8726,276773
8727,257324
8728,234032
8729,70195
8730,255035
8731,246094
8733,73561
8734,253538
8735,236142
8736,277872
8737,267905
8738,257666
8740,254860
8741,275351
8742,73624
8743,194201
8744,73644
8745,247214
8746,71343
8747,263098
8748,266692
8749,206535
8750,245749
8751,245497
8752,179746
8754,241452
8755,71994
8756,74555
8757,251977
8758,72555
8760,76416
8761,266891
8762,247179
8764,71068
8765,239779
8766,74917
8767,71857
8770,278966
8771,255161
8772,258490
8775,266725
8776,80885
8777,248568
8778,73470
8779,79115
8780,248856
8782,277820
8783,214854
8784,244559
8786,274010
8787,278630
8788,255873
8789,225161
8790,70030
8791,192660
8792,79781
8793,278957
8794,250812
8795,271326
8797,244206
8798,260083
8799,263161
8800,233472
8801,273666
8802,72964
8803,245784
8804,268075
8805,232520
8806,268621
8808,242268
8809,236897
8810,222306
8811,274035
8812,76418
8813,258446
8814,73370
8817,73389
8820,275644
8822,73933
8824,220881
8826,256481
8827,264441
8828,278025
8829,187916
8830,80653
8831,80915
8832,255773
8834,245540
8835,224297
8836,254265
8837,247612
8838,73294
8839,72531
8840,264790
8841,228212
8842,256383
8844,221846
8847,259763
8848,227511
8849,275641
8850,256194
8851,222154
8852,273614
8853,279252
8855,73447
8856,268009
8857,263417
8858,79868
8859,80662
8860,262938
8861,246043
8863,264480
8864,263211
8867,279863
8869,257611
8870,207952
8872,269159
8874,248692
8875,202123
8876,257165
8877,260497
8879,268443
8880,279736
8881,76478
8883,248559
8884,231411
8886,267782
8889,277512
8890,241929
8891,79123
8892,231956
8893,236308
8894,77336
8895,225072
8896,248880
8897,264500
8898,245812
8901,252754
8902,253556
8903,252277
8904,80765
8905,278912
8906,278659
8907,221831
8908,271512
8909,255411
8910,200134
8911,242119
8912,268503
8915,238319
8916,233470
8917,236557
8918,253712
8919,264214
8920,235036
8921,262691
8922,73252
8923,230218
8924,216145
8925,215892
8926,244311
8927,227932
8928,70496
8930,253034
8931,223100
8933,78986
8934,261772
8935,253074
8936,72861
8937,240285
8938,252067
8939,252082
8940,256435
8942,257978
8943,238273
8944,79554
8945,73414
8946,73169
8947,266197
8948,253403
8949,265185
8950,258533
8951,72456
8954,278814
8955,274979
8956,79935
8957,277324
8958,215374
8959,76879
8960,268128
8961,242276
8963,238995
8964,235157
8967,231874
8969,258510
8970,208088
8971,240604
8973,192765
8974,241409
8975,72711
8976,257044
8978,255562
8979,275288
8980,250970
8982,72030
8984,274528
8985,259186
8986,264820
8987,244852
8988,248694
8989,209281
8990,199044
8992,266685
8993,241855
8995,212938
8996,277206
8997,244448
8998,215011
8999,262889
9000,251635
9001,80886
9002,268286
9003,71169
9005,242961
9006,265754
9007,240922
9008,247836
9009,264736
9010,275493
9011,251176
9012,264746
9013,236601
9014,76858
9015,209475
9016,251230
9017,77671
9018,224615
9019,255850
9020,244592
9021,241825
9023,235942
9024,260264
9025,227758
9026,80820
9027,277942
9028,234167
9030,76992
9031,223427
9032,201413
9033,242893
9034,226772
9035,276693
9036,205278
9037,265188
9038,71925
9039,270331
9040,77325
9041,245518
9042,169498
9043,278061
9045,276271
9046,252468
9047,76859
9049,237391
9050,261200
9051,76116
9052,260436
9053,70999
9054,276600
9056,230523
9057,269181
9058,77186
9060,246416
9061,245649
9062,276633
9063,79263
9064,221600
9065,269475
9066,243371
9067,259766
9068,253112
9070,273600
9071,262339
9072,231633
9074,258782
9075,70115
9076,268277
9077,72961
9078,241921
9079,251905
9080,77829
9081,272433
9082,269619
9083,278587
9084,243773
9086,74329
9087,267867
9088,199266
9089,271202
9092,255094
9094,235650
9095,70035
9096,279700
9097,261528
9098,75164
9099,264867
9100,79270
9101,256934
9103,76718
9104,70328
9105,279239
9106,78537
9107,276171
9108,276940
9109,79071
9110,276967
9111,245501
9112,278017
9113,204297
9114,275978
9116,272927
9117,269088
9118,259114
9120,81462
9121,257340
9122,242759
9124,271439
9125,78676
9126,238170
9127,238180
9128,258167
9130,253064
9131,279441
9133,231322
9134,274342
9135,70069
9136,74440
9137,270542
9138,214231
9139,79070
9140,254945
9141,263147
9142,248300
9143,232693
9144,270847
9145,265733
9146,243205
9147,79110
9148,236310
9149,235800
9150,253464
9151,256306
9152,244277
9153,268888
9154,238716
9155,74879
9156,71296
9157,266123
9158,230807
9160,225976
9162,222654
9163,240064
9164,254173
9165,77036
9166,220156
9167,73471
9168,266507
9169,233280
9170,261441
9171,200519
9172,80712
9174,198990
9175,251727
9176,203095
9177,78424
9178,227679
9179,266337
9180,252516
9181,262504
9182,80752
9183,72054
9184,266363
9185,245122
9186,278923
9187,237965
9188,266898
9190,271272
9193,81330
9194,258739
9195,229818
9196,269250
9197,232643
9198,276167
9199,276178
9200,238577
9201,244985
9202,235004
9203,74759
9204,171791
9205,245264
9206,269093
9207,252209
9208,260403
9209,271414
9210,272705
9211,229703
9212,225867
9213,263244
9214,78669
9215,228685
9216,256100
9217,228454
9218,252011
9219,76911
9220,70552
9221,246680
9223,274093
9224,277425
9225,243125
9226,206522
9227,243390
9229,274369
9230,251848
9231,74956
9232,219852
9234,252644
9235,234982
9236,261098
9238,257775
9240,79618
9241,246018
9242,243210
9244,79635
9246,256036
9247,263975
9248,240941
9250,239936
9254,255573
9256,76888
9257,266335
9258,244859
9259,242558
9260,260482
9261,266889
9262,255881
9263,225674
9264,276619
9265,79513
9266,251812
9267,256427
9268,278460
9269,245704
9270,278999
9271,266486
9273,248576
9275,260621
9276,71961
9277,246561
9278,257570
9280,258870
9281,70730
9282,72779
9283,243276
9284,215651
9285,225636
9286,278126
9288,261504
9289,266373
9290,76934
9291,241031
9293,277659
9294,222878
9295,79012
9296,260772
9297,244902
9298,248486
9299,227791
9300,253907
9301,247539
9302,271618
9303,225811
9304,260383
9305,261160
9306,77358
9307,261422
9308,277554
9309,233011
9310,253491
9311,70710
9312,271160
9313,276828
9314,258396
9316,256616
9317,238736
9318,169115
9319,274844
9320,70301
9321,73430
9322,76768
9323,257261
9324,215053
9325,264467
9326,241693
9327,79657
9328,260395
9330,276804
9333,250998
9334,270207
9335,74881
9336,264085
9337,261277
9338,266148
9339,240811
9342,80058
9343,70843
9344,78529
9345,254913
9346,79557
9348,262898
9350,260616
9351,80916
9352,222493
9354,251681
9355,278318
9356,241969
9357,223813
9359,244811
9362,268897
9363,252527
9364,251262
9365,201346
9366,268934
9367,236449
9368,259752
9369,257472
9370,251590
9371,247764
9373,272861
9374,251368
9375,163050
9376,247534
9377,240891
9379,240133
9380,70198
9381,242245
9383,266099
9384,232829
9385,257158
9386,266122
9387,230287
9388,274081
9389,79011
9391,259511
9392,224186
9393,267987
9395,247264
9396,226021
9398,75516
9399,80659
9401,270374
9405,71261
9406,253558
9407,228225
9408,255621
9409,250758
9410,224396
9412,277645
9413,243612
9417,74938
9418,277969
9419,239078
9420,222183
9421,248809
9422,233214
9423,266756
9424,269318
9425,75541
9426,228888
9427,246300
9428,71981
9429,248118
9431,269120
9433,244042
9435,245337
9436,71258
9437,259941
9439,215686
9440,255398
9441,72617
9442,202925
9444,263101
9445,240859
9446,71388
9447,278757
9448,274944
9449,261122
9450,74502
9451,211732
9454,243516
9455,246332
9456,77664
9457,70753
9458,272487
9459,72809
9460,276346
9461,239494
9462,81307
9463,277673
9464,273082
9465,75964
9467,258238
9468,242114
9470,78799
9471,272862
9472,246243
9473,212208
9474,278785
9475,275206
9476,78354
9477,80666
9478,77092
9479,260142
9480,79920
9481,197170
9482,275507
9484,246836
9485,257344
9486,248131
9487,261444
9488,247890
9489,233047
9490,268909
9491,73071
9493,253039
9494,75896
9495,278136
9496,276618
9497,214673
9498,213143
9499,220065
9501,276646
9503,232904
9504,242383
9505,243163
9506,274145
9508,70893
9509,261876
9510,71419
9511,207616
9512,200197
9513,231946
9516,77081
9517,247073
9518,212006
9519,79913
9520,260657
9521,254514
9523,271929
9524,70465
9526,251219
9527,266334
9528,251743
9529,79970
9530,70500
9532,268402
9533,75634
9534,245377
9535,248199
9536,209816
9537,216744
9538,74416
9540,219586
9541,72658
9542,251346
9544,80625
9546,74229
9547,269822
9548,274702
9549,251167
9550,254503
9551,73259
9552,241708
9554,73524
9555,278838
9556,276305
9557,262227
9558,265580
9560,266873
9561,263036
9562,177790
9563,273535
9564,247941
9569,278177
9570,268982
9573,78540
9574,70109
9575,79330
9576,244460
9577,261100
9579,257019
9580,207868
9581,256768
9582,264205
9583,230432
9584,71491
9585,237635
9586,279626
9587,79437
9588,255310
9589,72018
9590,258652
9591,238173
9592,271205
9593,243572
9594,264313
9595,263581
9596,271526
9597,221358
9598,278703
9599,248752
9600,256944
9601,237509
9602,256459
9603,264141
9604,259544
9605,263135
9606,262119
9607,76524
9608,76540
9609,248584
9610,256528
9611,230683
9612,157481
9613,269869
9614,251446
9615,239681
9616,74584
9617,275292
9621,259476
9624,267698
9627,254925
9628,73680
9630,242389
9631,251349
9632,260071
9633,243688
9635,229879
9636,277244
9637,270101
9640,258081
9641,241960
9642,271917
9643,263474
9644,79154
9645,229173
9647,240710
9648,251723
9649,76117
9650,73050
9651,228195
9653,74854
9654,273770
9655,237933
9657,73598
9658,231555
9659,243596
9660,223138
9661,267941
9662,80805
9663,271533
9664,72382
9665,251596
9666,74464
9667,273123
9668,169708
9669,264702
9671,80128
9672,279042
9673,224017
9674,231965
9675,79394
9677,262208
9678,271682
9679,192840
9681,247125
9683,73846
9684,260233
9685,187796
9686,72857
9687,251289
9689,244915
9691,80597
9692,70108
9693,268259
9694,208615
9695,239595
9697,250876
9698,248575
9699,275972
9700,265735
9701,220429
9702,272399
9703,262946
9704,242212
9706,255789
9707,73009
9708,276534
9709,234039
9710,275279
9711,255312
9712,278104
9713,77657
9714,244068
9715,243056
9716,262267
9717,278911
9718,279426
9719,170114
9722,74429
9725,78282
9726,75736
9727,265194
9729,258812
9730,269320
9731,72976
9732,70676
9733,241172
9734,77863
9735,263984
9736,216114
9738,259896
9739,264506
9740,78661
9741,262474
9743,276337
9744,79999
9745,74371
9746,242821
9747,263046
9748,275610
9749,73888
9750,247466
9752,225487
9753,215254
9754,76247
9755,240865
9756,80882
9757,71418
9758,212223
9759,277771
9760,269340
9762,77354
9763,273962
9764,241197
9765,224817
9766,275253
9768,241505
9769,257386
9770,241007
9771,257144
9772,76924
9774,238726
9775,228534
9776,275134
9777,76995
9778,269257
9779,230345
9780,270849
9782,221456
9783,272659
9784,266518
9786,272943
9788,70711
9789,213839
9793,78193
9794,260727
9795,76672
9797,279686
9799,264380
9800,263881
9801,231910
9802,257000
9803,257007
9804,261360
9805,79089
9806,210679
9807,275704
9809,79872
9810,253704
9811,80655
9813,262181
9814,70440
9815,79926
9816,272708
9817,276292
9819,243279
9820,70230
9821,244837
9822,223335
9823,269934
9824,78448
9825,266629
9827,258196
9828,268697
9829,279200
9830,261025
9832,274090
9833,255406
9836,276195
9837,76263
9838,213497
9840,265734
9844,262685
9845,259621
9846,258616
9847,210747
9848,260931
9851,255341
9852,78704
9854,239747
9856,70810
9858,71078
9859,246696
9860,251830
9863,72907
9865,237807
9866,255217
9867,263424
9868,268803
9870,247309
9873,218658
9874,72780
9875,73303
9876,237658
9877,276325
9878,238694
9879,74856
9880,258667
9881,199051
9882,72335
9883,72862
9884,257959
9885,276652
9886,244655
9887,273081
9888,223678
9889,257727
9890,80069
9891,248021
9893,274397
9896,227859
9897,76821
9898,76568
9899,261420
9900,264512
9901,74817
9902,80707
9903,69965
9904,71003
9906,271218
9907,234099
9908,76917
9909,262776
9910,76410
9911,268414
9912,77973
9913,271267
9914,71110
9915,229574
9916,278984
9917,263122
9918,264409
9919,277979
9920,223998
9921,253951
9923,257036
9924,265486
9927,277804
9928,70960
9930,79694
9931,234070
9932,266074
9933,74603
9934,77689
9937,279194
9938,229537
9939,276905
9940,74924
9941,276658
9943,278753
9944,251873
9945,236787
9946,70909
9947,240393
9948,268300
9949,77840
9951,269857
9953,70443
9954,73008
9956,272965
9957,276562
9959,79197
9961,264825
9962,263549
9963,74877
9964,256894
9967,70037
9968,71066
9969,266145
9970,231335
9971,73392
9973,276681
9974,266446
9975,80591
9977,257758
9979,272876
9982,240652
9983,274701
9984,78864
9986,262170
9987,254234
9988,253980
9990,75056
9991,270136
9992,256058
9993,245566
9996,276567
9999,279926
10002,253341
10003,264863
10004,260770
10006,78528
10007,244674
10009,267465
10011,254943
10012,232704
10013,259349
10014,275224
10015,258080
10016,70186
10017,274220
10018,241995
10020,229731
10022,273022
10023,271743
10024,70801
10025,79763
10027,277412
10028,72104
10029,71342
10030,71598
10031,269744
10032,226227
10033,253376
10035,266448
10036,271079
10037,258027
10038,262648
10039,80377
10040,227836
10041,274947
10042,79127
10044,243244
10045,257859
10046,252494
10047,239453
10048,228194
10049,207725
10050,271984
10051,268913
10052,275077
10053,80283
10055,269994
10056,226730
10057,77483
10058,268725
10060,230847
10061,76999
10062,223696
10063,71634
10064,224981
10065,216791
10066,279016
10067,277997
10068,73235
10069,245528
10070,77090
10071,80163
10073,229678
10074,267568
10075,80696
10076,271940
10077,278598
10078,259403
10079,279116
10080,243790
10081,224854
10082,77146
10084,263790
10086,190852
10087,259209
10088,73368
10089,258724
10090,225974
10091,255160
10092,257722
10093,213699
10094,271300
10095,242386
10096,72694
10098,262400
10099,264206
10100,195086
10101,236304
10102,74772
10103,265749
10104,254998
10105,255258
10106,79136
10109,223283
10110,242494
10111,269888
10112,70480
10113,244056
10114,73067
10115,74102
10116,220045
10117,258194
10118,270485
10119,268440
10120,256666
10121,253378
10123,258250
10124,74460
10125,238051
10128,241413
10130,242183
10131,75272
10133,264228
10134,240944
10135,275251
10136,233012
10137,278338
10138,279882
10139,246349
10140,254541
10141,240728
10142,278884
10143,72823
10145,252030
10146,266117
10147,259979
10148,266895
10150,276392
10151,260533
10152,274359
10153,269501
10155,199627
10157,77795
10158,259559
10160,222191
10161,231408
10162,259570
10163,276980
10164,232181
10165,76033
10167,70685
10169,70693
10171,272962
10172,73289
10173,259401
10174,257873
10175,256855
10176,251482
10177,253041
10178,243571
10179,77712
10180,74133
10181,70049
10182,248487
10183,75959
10185,76731
10187,73921
10188,78535
10189,206554
10190,278237
10192,277991
10193,230383
10194,253943
10195,265468
10197,276744
10198,78859
10199,79373
10200,270617
10201,70191
10202,275258
10203,75068
10205,75073
10207,262513
10209,231828
10210,74140
10211,260257
10213,209323
10214,270519
10215,243639
10216,278982
10220,268759
10222,272860
10223,251878
10225,232699
10226,72704
10229,240912
10230,255002
10232,278065
10233,232785
10234,189558
10235,221815
10237,279166
10238,258439
10240,263310
10242,80285
10243,262049
10244,73405
10245,272324
10246,274126
10248,242149
10249,72940
10250,77814
10252,262671
10253,248337
10254,245532
10255,254492
10256,234291
10257,71224
10258,275515
10260,277311
10261,247874
10262,261956
10265,274273
10266,260723
10267,270460
10269,73861
10270,264079
10271,74392
10273,78766
10274,260536
10275,70330
10276,222396
10278,25798
10279,240328
10280,268754
10282,244196
10283,220922
10286,250887
10287,80136
10288,215562
10291,244762
10292,213281
10293,260147
10294,76105
10295,78419
10297,279919
10298,259442
10300,73607
10301,79751
10302,79246
10303,262044
10304,270502
10306,271277
10307,226486
10309,240338
10310,278745
10311,276705
10312,263670
10313,272886
10314,275207
10315,274442
10317,261674
10318,79660
10320,227655
10321,222540
10322,278864
10324,224604
10325,247395
10326,264044
10327,277373
10328,246662
10329,261512
10332,73635
10334,73147
10335,272571
10336,71101
10338,278728
10340,251911
10341,244490
10342,241682
10343,244250
10344,241695
10345,264493
10346,276272
10347,77631
10348,277060
10349,232519
10350,257614
10351,262483
10352,78933
10354,270944
10355,76411
10356,260477
10357,247423
10358,254849
10359,278914
10361,231821
10362,279454
10363,263840
10364,264115
10365,183491
10366,242643
10367,236244
10368,260336
10369,263938
10371,276247
10372,279319
10373,76313
10374,274472
10377,237651
10378,75615
10379,80224
10380,247931
10381,215420
10382,271746
10384,267410
10385,279186
10386,279459
10387,279210
10388,81343
10389,262102
10390,226791
10392,278007
10393,263163
10394,246563
10395,253479
10396,228397
10397,71218
10398,194617
10399,74554
10400,247354
10401,77120
10402,275267
10403,257091
10404,261202
10406,271704
10407,275296
10408,72293
10409,268401
10410,230516
10412,79007
10413,70050
10416,260302
10418,240867
10419,75751
10423,245760
10424,261636
10425,219145
10426,250895
10427,268331
10429,205363
10430,72250
10431,272445
10432,74304
10433,219469
10434,221281
10435,269414
10436,76153
10438,264063
10439,80003
10442,237731
10445,252095
10446,71115
10449,222190
10450,230387
10451,242199
10452,80411
10453,235551
10454,78368
10455,79396
10457,257853
10458,78654
10459,210244
10460,278086
10461,73037
10462,222286
10463,258691
10466,257171
10468,78778
10469,78012
10470,212417
10471,244425
10472,226018
10473,254446
10475,240154
10476,271900
10477,245537
10478,263725
10479,265521
10480,224602
10482,69992
10483,261737
10485,73333
10486,262537
10487,263306
10488,74136
10489,270491
10490,261531
10491,252316
10492,74402
10493,273826
10497,245174
10499,255177
10500,216795
10502,247533
10503,272881
10505,252435
10506,222235
10507,254237
10508,268837
10509,257319
10510,238127
10512,77114
10513,242236
10514,279625
10515,236621
10516,78184
10517,228457
10518,254826
10519,79474
10520,243833
10521,253570
10522,198543
10523,243345
10524,241810
10525,228243
10526,243347
10528,71081
10529,275374
10530,241328
10531,72375
10532,71867
10533,223426
10534,240068
10535,235464
10536,74442
10537,74449
10539,260562
10540,272603
10541,222428
10544,277227
10545,233451
10546,264431
10548,259843
10551,205331
10552,258844
10553,241954
10554,260401
10555,276787
10556,270652
10558,276544
10559,76106
10560,259150
10561,274521
10562,256110
10563,229232
10564,238474
10565,79512
10566,267419
10568,231111
10569,79561
10570,71882
10571,76498
10572,247776
10573,263396
10575,261110
10576,236025
10577,264189
10578,273930
10579,262930
10581,230447
10582,260405
10585,76864
10586,258627
10587,260166
10589,239197
10590,231526
10592,194925
10593,262772
10594,202881
10595,277894
10596,237979
10597,261281
10598,257957
10600,234407
10601,260555
10602,251597
10604,262100
10605,276951
10606,225001
10607,251385
10608,277519
10610,238103
10611,252697
10612,71455
10614,256555
10615,272967
10616,279115
10617,239181
10621,260443
10622,71263
10623,268904
10624,263556
10625,242569
10626,200844
10627,72845
10628,251284
10629,279217
10630,192695
10631,79818
10633,76760
10634,268508
10635,81381
10636,74483
10637,216823
10639,78367
10640,224307
10641,256324
10642,275016
10643,272983
10644,244321
10646,214893
10647,71805
10648,75653
10650,75409
10651,258709
10653,271270
10654,215211
10655,261293
10656,70319
10657,232118
10658,255415
10659,268740
10660,78797
10661,247248
10664,77530
10665,79080
10666,270113
10667,209196
10668,277293
10669,258606
10670,274491
10671,73298
10672,269402
10673,237175
10674,71291
10675,241277
10677,220074
10678,267947
10679,224211
10680,221656
10681,73722
10682,270845
10683,76304
10685,210205
10686,240431
10690,243789
10691,239438
10692,259406
10693,228188
10695,73057
10696,76403
10697,80772
10698,263561
10699,80523
10701,262039
10702,242840
10703,237977
10704,242841
10705,79514
10706,75946
10707,269259
10710,77274
10711,279530
10713,253447
10716,77083
10717,77603
10719,233524
10720,271928
10721,277561
10722,276283
10724,194122
10725,254028
10728,255337
10729,227182
10730,274554
10732,73092
10733,278404
10734,228487
10735,262541
10736,72337
10737,231570
10738,221850
10739,275371
10740,78765
10741,250811
10742,273602
10743,72134
10744,80582
10745,71646
10748,234496
10749,269315
10750,279322
10751,75045
10752,73254
10753,77350
10754,272945
10756,275516
10757,266827
10758,272980
10759,248662
10761,73310
10762,230762
10763,231540
10764,238987
10765,80290
10766,81316
10767,233128
10770,252099
10771,259779
10773,80872
10775,78316
10776,259568
10777,262133
10780,262664
10781,79369
10782,271633
10783,75795
10785,229682
10786,244290
10787,76111
10788,234835
10789,245851
10791,260204
10792,80243
10793,269940
10794,230774
10795,275333
10796,278413
10799,279201
10800,272304
10801,78785
10802,273603
10803,248003
10805,73945
10806,80603
10808,79082
10809,257005
10810,79088
10813,73218
10814,70430
10815,260390
10816,265777
10817,277553
10818,75572
10819,232256
10820,77633
10821,80456
10822,71778
10823,77415
10824,77418
10825,271979
10826,270958
10827,261490
10828,72080
10831,263081
10832,278964
10833,75212
10835,79317
10836,259299
10837,265701
10838,74981
10839,70908
10840,78086
10841,76809
10843,190276
10844,266567
10845,232264
10846,256847
10847,270940
10848,76640
10849,244078
10850,74864
10851,223099
10852,78216
10853,79756
10854,246935
10855,250779
10856,264377
10857,271549
10858,266180
10859,228292
10860,76742
10861,80588
10862,277457
10863,265700
10865,74734
10866,236528
10867,242419
10869,225809
10874,261929
10875,278834
10877,259906
10878,219461
10880,70014
10882,245900
10883,74145
10884,242603
10885,75437
10886,278193
10888,276173
10889,261582
10890,222164
10891,260825
10892,268762
10893,245722
10895,71148
10896,270593
10897,80393
10900,218656
10901,238370
10902,72740
10903,74020
10904,74533
10905,253502
10906,268877
10907,260941
10910,197774
10911,277144
10913,258717
10914,271543
10915,71865
10916,72378
10918,239814
10919,74953
10921,73424
10922,74705
10923,274390
10925,222432
10927,193260
10930,257779
10931,253693
10934,263186
10937,70436
10938,228134
10939,204082
10940,264763
10941,271433
10942,276315
10943,75869
10944,272737
10946,273767
10947,75116
10948,276332
10949,241010
10950,259192
10951,275332
10952,215178
10953,270732
10954,78482
10955,253332
10956,262558
10957,269996
10958,74674
10959,213686
10960,271566
10962,276697
10964,255211
10965,248061
10966,259581
10967,263178
10968,228875
10970,76053
10971,79641
10972,276023
10973,75838
10974,72006
10975,262988
10976,69996
10977,81517
10978,222328
10980,80012
10981,238476
10983,264092
10984,73641
10985,278197
10986,265418
10987,262094
10988,275153
10990,247528
10991,234988
10993,254725
10994,74505
10995,256018
10996,269850
10997,261670
10998,208188
11000,251746
11001,267881
11002,271216
11003,74618
11004,76676
11005,226181
11006,223115
11007,208014
11009,259751
11010,214701
11014,76241
11015,79057
11016,255955
11017,222175
11018,222435
11019,268010
11020,274924
11021,80623
11022,251134
11023,271620
11024,266000
11025,238360
11026,70176
11028,77089
11029,73512
11030,228148
11033,247887
11035,236626
11039,227961
11043,263347
11044,246455
11045,228295
11046,263115
11047,253901
11048,270544
11049,243153
11050,263130
11052,243185
11053,71411
11054,278008
11056,270336
11057,203030
11058,235808
11059,255557
11060,184143
11061,80720
11062,264289
11063,79201
11064,80741
11065,73582
11066,79736
11067,211320
11068,73855
11069,269954
11070,81283
11072,79555
11073,175314
11074,256215
11076,264412
11077,273124
11079,232174
11080,73205
11082,255241
11083,238862
11084,71960
11085,279838
11087,270376
11088,71977
11089,259629
11090,243513
11093,279130
11094,222557
11099,226429
11100,252596
11101,75707
11103,258523
11104,273120
11105,220385
11106,70885
11107,79343
11108,277488
11109,269832
11110,230163
11111,272660
11112,78101
11113,223253
11115,264501
11116,78145
11117,255043
11118,278856
11119,247630
11120,271988
11121,264072
11122,215698
11123,77717
11124,233109
11126,81318
11128,274094
11129,206524
11130,79816
11131,80083
11132,223963
11133,236774
11134,76519
11135,70126
11137,80383
11138,253225
11140,211263
11141,75075
11142,271691
11143,70228
11144,263778
11145,70756
11146,76646
11148,213864
11149,269930
11150,230021
11151,76944
11152,70295
11153,255896
11154,76454
11155,230327
11156,74175
11157,77759
11158,70860
11159,267473
11161,261348
11162,257264
11163,193011
11164,272373
11165,230149
11166,80661
11167,251427
11168,243497
11169,260402
11171,252476
11172,261190
11173,74349
11174,78453
11175,79479
11176,263068
11177,73636
11179,276422
11180,263138
11181,264168
11182,248298
11183,74481
11185,220665
11186,183807
11187,77572
11189,78347
11190,72212
11191,76839
11192,70697
11193,74324
11194,243302
11196,77424
11197,266875
11199,248458
11200,76171
11201,239506
11202,263573
11203,70550
11205,271031
11206,277442
11207,240580
11208,248264
11209,251851
11210,216526
11211,75224
11212,275429
11213,252902
11216,268527
11217,257777
11220,275741
11222,277547
11223,74326
11227,263825
11228,73375
11229,234924
11230,276165
11231,248265
11232,78795
11234,276942
11236,260564
11237,70107
11240,72945
11241,75535
11243,278290
11244,242451
11246,262704
11249,76087
11250,261947
11251,277578
11252,233814
11253,277865
11254,276860
11256,278679
11257,211107
11258,248740
11259,72621
11260,229087
11261,255457
11262,202978
11264,273904
11265,252913
11266,277237
11268,279544
11269,275965
11271,269572
11272,73501
11273,70688
11275,277568
11276,265561
11277,245091
11278,272486
11279,80489
11280,256406
11281,279193
11282,258972
11284,76710
11285,78000
11286,236465
11288,72130
11290,71379
11291,71639
11294,278260
11296,264195
11297,279573
11298,270614
11299,80663
11302,265793
11303,79941
11304,75087
11305,209232
11307,202073
11308,226393
11309,72027
11310,278893
11312,238191
11314,80004
11315,73609
11316,211608
11317,252320
11318,80812
11319,277944
11320,79801
11322,258003
11324,74476
11325,246005
11326,277755
11327,74236
11328,274685
11329,261123
11331,211217
11332,73746
11333,70963
11334,73295
11335,255824
11336,238940
11337,227427
11338,192622
11339,275570
11340,218738
11341,268923
11342,199550
11343,80000
11344,269472
11345,74914
11346,79298
11348,278488
11349,71140
11350,271596
11353,199174
11355,77836
11356,75790
11357,78102
11358,263192
11359,258592
11360,75051
11361,260692
11362,79189
11363,72538
11364,266852
11365,238446
11366,72563
11367,264822
11368,76414
11371,243092
11372,272540
11373,227740
11374,246954
11375,76980
11376,266175
11377,261339
11378,231139
11379,275436
11380,231916
11381,77037
11382,277230
11383,263157
11384,226044
11385,202750
11386,242182
11388,246296
11389,276516
11390,274213
11391,242730
11392,278601
11393,269902
11394,72277
11395,245848
11396,265822
11397,243045
11398,256366
11403,70063
11404,247474
11405,77761
11406,79329
11407,248311
11408,265465
11409,263168
11410,258048
11411,213007
11412,78613
11413,278816
11414,71973
11415,72762
11416,80709
11418,251721
11419,79434
11420,261453
11421,80749
11422,275059
11423,210044
11424,266118
11425,264329
11426,74122
11427,79267
11428,276395
11429,79800
11430,79042
11431,257220
11432,75462
11433,264401
11435,263685
11437,274444
11438,261647
11439,235573
11440,78909
11441,244046
11442,73565
11443,248167
11445,273550
11447,254125
11448,77230
11450,71618
11451,73423
11452,258517
11453,75256
11454,274684
11455,264191
11456,248839
11457,77609
11458,258122
11459,242253
11460,264792
11461,239708
11462,275294
11463,270700
11465,256384
11467,80010
11468,254859
11469,234638
11470,77983
11472,245438
11473,277695
11475,76234
11476,274378
11477,77776
11479,254703
11480,73990
11481,259855
11482,80670
11483,274719
11484,269099
11485,243765
11486,80192
11487,271683
11488,251754
11490,187782
11491,79499
11493,80023
11494,262838
11496,263614
11497,274630
11498,229072
11499,274394
11500,78042
11501,79326
11502,72674
11504,272616
11505,76786
11506,245494
11508,261126
11509,271368
11510,235553
11511,237375
11512,253522
11513,72537
11514,261732
11515,250988
11516,70253
11517,222582
11519,263558
11521,216481
11523,229295
11525,263110
11528,77261
11529,276943
11530,76500
11531,77524
11532,278996
11533,276716
11534,80112
11535,277233
11536,266235
11537,277499
11538,272650
11539,266763
11541,247834
11542,274977
11543,276001
11544,272930
11545,257330
11546,273464
11547,206654
11548,259648
11549,79943
11552,80501
11553,273046
11554,79772
11555,266150
11556,241070
11557,73137
11558,79794
11559,243893
11560,72141
11561,279246
11563,276956
11564,252898
11565,242661
11566,275943
11567,71914
11569,271878
11572,272675
11575,257067
11576,265543
11577,248392
11578,78667
11580,80486
11581,227945
11582,266858
11583,244842
11585,250994
11586,239478
11587,224378
11589,70268
11590,237696
11592,276877
11593,71058
11594,270748
11595,255135
11596,253607
11597,260010
11598,261822
11599,79040
11600,230081
11601,273858
11602,277447
11603,70867
11606,76027
11607,73989
11608,74788
11610,264509
11611,71231
11613,234059
11614,269411
11615,76643
11616,198011
11617,274565
11618,75401
11620,246175
11622,268710
11623,77494
11625,278207
11626,265425
11627,260561
11628,72404
11630,74475
11633,270842
11634,76799
11635,278535
11636,272906
11637,263950
11638,72981
11639,77084
11640,76575
11641,272952
11642,254267
11643,271686
11644,75612
11645,256604
11646,251489
11647,260193
11649,269931
11650,217196
11652,244094
11653,276356
11654,79754
11657,77490
11658,238055
11659,73448
11660,79859
11661,71177
11663,272908
11664,279059
11665,78621
11666,274742
11667,80182
11668,259128
11669,247107
11670,262220
11671,79703
11672,81511
11674,72062
11676,80556
11677,79804
11678,270532
11679,251090
11680,248787
11681,77268
11683,233950
11684,73961
11685,76307
11686,72731
11687,274463
11688,79401
11690,259657
11691,78923
11692,264270
11693,258897
11694,276320
11695,74855
11698,257399
11700,270994
11701,208024
11702,224188
11703,278720
11704,242883
11705,273619
11706,74715
11707,245212
11708,80349
11709,239340
11710,254739
11711,240917
11712,79909
11713,234537
11714,237883
11715,79427
11716,275783
11717,75603
11718,246381
11720,271227
11722,73599
11726,243637
11728,76486
11731,222179
11732,72425
11734,274694
11737,239903
11738,190240
11739,79398
11740,271430
11741,79430
11742,78926
11743,80206
11744,274006
11745,228730
11746,79497
11748,272825
11749,73157
11750,227537
11751,263404
11754,240900
11755,271879
11757,235028
11758,278333
11759,272702
11760,193091
11761,271172
11762,79181
11763,254556
11766,262523
11767,258946
11768,80263
11770,263836
11772,258740
11773,273596
11774,76733
11775,269507
11776,79045
11777,79574
11778,263647
11779,233185
11780,272613
11781,248569
11782,277248
11783,74497
11786,78614
11787,279324
11788,265762
11789,227362
11790,279078
11791,260396
11792,255540
11793,258620
11794,263486
11795,265797
11796,76873
11797,79690
11798,269150
11799,79711
11800,74337
11801,81519
11802,252534
11803,75140
11804,80776
11805,234381
11807,79505
11808,263575
11810,73629
11811,261047
11814,227040
11815,71911
11817,225026
11818,248331
11819,78127
11820,76338
11821,261183
11822,78446
11823,252029
11824,208771
11825,264843
11826,80524
11827,70545
11828,271256
11829,271269
11831,241582
11832,248251
11833,273855
11834,276927
11835,255949
11836,80600
11837,75226
11838,73949
11839,259298
11840,278254
11842,70149
11843,267783
11844,277515
11845,246048
11846,198190
11847,278073
11849,79453
11850,212090
11851,73096
11852,77707
11853,276627
11855,254890
11856,80569
11857,279506
11858,72420
11860,277484
11861,242698
11862,240908
11863,229646
11864,273950
11865,278819
11867,79162
11868,253505
11869,74824
11870,79188
11871,259159
11872,74360
11873,251283
11874,271257
11875,219550
11876,80035
11877,276899
11883,259280
11888,74785
11889,271658
11891,233525
11892,78135
11893,202811
11894,71996
11895,234817
11897,230214
11898,80714
11899,277843
11900,235100
11901,267869
11902,277343
11905,263784
11906,77169
11907,278134
11908,270997
11909,246170
11910,77474
11911,75449
11915,79842
11916,72953
11918,224544
11919,278820
11920,260140
11921,80688
11922,262962
11923,269875
11924,75577
11925,230982
11926,80717
11927,272464
11928,71000
11929,276572
11932,201081
11933,71553
11935,73104
11938,79002
11939,76445
11941,226468
11943,277473
11944,248307
11946,264449
11948,229911
11949,230940
11950,76062
11951,274736
11952,259640
11954,277589
11956,74086
11957,269683
11958,264580
11959,76947
11960,77718
11961,257699
11962,75948
11964,255417
11967,229349
11968,77296
11969,273918
11970,275461
11971,70155
11972,71437
11975,236307
11976,241690
11977,209438
11979,245022
11980,77349
11981,75308
11982,74557
11983,273987
11984,216387
11985,248137
11986,255597
11987,263550
11988,230290
11989,79009
11990,252330
11991,72625
11992,76732
11994,261054
11995,77014
11996,235995
11998,277993
11999,263418
12000,253697
12001,211476
12002,260885
12003,70168
12006,74845
12007,76638
12008,264287
12009,259173
12012,246406
12013,223641
12014,246173
12015,73125
12016,243883
12017,276142
12018,79536
12019,250813
12021,198857
12023,79085
12024,248310
12025,239353
12026,243449
12027,271626
12028,279821
12030,74010
12031,75296
12033,270886
12034,242984
12036,207431
12037,243275
12038,247627
12039,81509
12040,74605
12041,270702
12042,240756
12043,230518
12045,78993
12046,70555
12047,236702
12048,244906
12050,74414
12052,79280
12053,250815
12056,73192
12057,77292
12059,77043
12060,232189
12062,277782
12063,266031
12064,224821
12065,253238
12067,276814
12068,78161
12069,201301
12070,75661
12072,71088
12073,236495
12074,80084
12075,74490
12076,76282
12077,277266
12080,263739
12082,278087
12083,244576
12085,74340
12086,73585
12087,260228
12088,223373
12089,79026
12090,193716
12091,73914
12092,74178
12095,79325
12096,78047
12097,79328
12098,211438
12099,221680
12100,239928
12101,275274
12102,259659
12103,191569
12104,277842
12105,245331
12106,200793
12107,79198
12108,275295
12109,213092
12110,261753
12111,77951
12112,203137
12114,79526
12115,270514
12117,73912
12118,78267
12120,77796
12122,80114
12123,227837
12124,78081
12127,272656
12129,230703
12130,78651
12132,225873
12133,70482
12134,268633
12135,243549
12137,237943
12138,77688
12139,270971
12141,204935
12142,263307
12143,268441
12144,258477
12145,255158
12146,73657
12147,79810
12148,261573
12149,73170
12150,271065
12151,73952
12153,244984
12154,236541
12155,263444
12157,255519
12158,80683
12159,237355
12161,261180
12163,263262
12164,75358
12165,274527
12166,255110
12167,258185
12168,80778
12170,80807
12171,239783
12172,79797
12173,231107
12174,73426
12175,252137
12176,277502
12177,73995
12178,76043
12179,272913
12180,75027
12181,75831
12182,247356
12183,278340
12184,247883
12185,261196
12186,278608
12187,205393
12188,70237
12189,78944
12190,77155
12191,251748
12192,257636
12193,274540
12194,78705
12195,276090
12196,258687
12197,264070
12198,75407
12199,277413
12200,224421
12201,73903
12202,72122
12203,234940
12204,209597
12205,255956
12206,247034
12207,259074
12208,230405
12210,73257
12211,72752
12212,276029
12213,215638
12214,252770
12216,75378
12217,228983
12218,74641
12219,220570
12220,274082
12221,268460
12222,248493
12223,256449
12224,248002
12225,74441
12226,80875
12227,270583
12228,261114
12229,275195
12230,245252
12231,74501
12232,80645
12233,245779
12234,253752
12235,262732
12236,276044
12237,266075
12239,264547
12240,78706
12241,275062
12242,277121
12243,262539
12244,78999
12245,80027
12247,276657
12248,266174
12249,79811
12251,262856
12252,279503
12253,263895
12254,235267
12255,227847
12256,273935
12257,267795
12258,261653
12259,77593
12260,231461
12261,274728
12262,236845
12263,272949
12264,239962
12265,81520
12266,260728
12267,259971
12268,244160
12271,77006
12272,234458
12274,80881
12275,230398
12276,243971
12277,247308
12278,79379
12279,80154
12281,260135
12282,223814
12284,275289
12285,268130
12286,225396
12287,75126
12288,266618
12289,274055
12290,77703
12291,276118
12292,80537
12293,77740
12294,262575
12295,267958
12297,76480
12298,76743
12299,73175
12300,277986
12301,264423
12302,217332
12305,278279
12306,79624
12308,277522
12309,77078
12310,75551
12311,263207
12312,272941
12313,262706
12314,275517
12315,271184
12316,75866
12317,279899
12318,252252
12319,255072
12320,258920
12321,79506
12322,276634
12323,242082
12324,272817
12326,274358
12327,279489
12328,74452
12329,276442
12330,258032
12331,80113
12332,78078
12333,73745
12334,276288
12335,259655
12336,76876
12337,251725
12338,76625
12339,80728
12341,273773
12342,73082
12344,269951
12345,77956
12347,74643
12348,239011
12349,247459
12350,220073
12351,73908
12352,72128
12354,71899
12355,273913
12356,254228
12358,276257
12359,70709
12360,254275
12361,264004
12363,75365
12364,74093
12365,271471
12366,227951
12367,275337
12368,74923
12369,75450
12370,79802
12371,72637
12373,278233
12374,258522
12376,78070
12379,70432
12380,279603
12383,253508
12384,77640
12386,77410
12387,214882
12390,275331
12391,275076
12392,71814
12393,266125
12394,276670
12395,70848
12396,79559
12397,71629
12398,277210
12399,253919
12400,259560
12401,234731
12402,70897
12404,262665
12406,270104
12408,266543
12411,75101
12412,72554
12413,79470
12414,269697
12415,277661
12416,74655
12417,241590
12418,205760
12419,271560
12421,235728
12423,273633
12424,73444
12425,270859
12426,251405
12427,255245
12429,277524
12431,200727
12432,276781
12433,79940
12434,261473
12435,79212
12436,80755
12437,76673
12439,254094
12440,274581
12444,275621
12445,76713
12446,279220
12447,74169
12448,266430
12449,230623
12450,233960
12451,277742
12452,255216
12453,267768
12454,263677
12456,236321
12458,266554
12459,278590
12461,266828
12462,271955
12463,79215
12464,270715
12465,77461
12466,81325
12467,260275
12468,271292
12469,230881
12470,261377
12472,79131
12473,243229
12474,73504
12476,76596
12479,274999
12481,204860
12483,78445
12484,243831
12485,257664
12486,268433
12487,233892
12488,74149
12489,279209
12491,79556
12493,248289
12494,79613
12495,76802
12497,277272
12498,262954
12499,75319
12500,271438
12502,276603
12504,252317
12506,258747
12508,80065
12509,270548
12512,244456
12513,80876
12514,75518
12515,274949
12516,78612
12517,74789
12518,259643
12519,276561
12520,228959
12522,81512
12523,265579
12524,70277
12525,81288
12526,75156
12527,267929
12528,241824
12530,230090
12531,77521
12532,231650
12533,73452
12534,278001
12536,78072
12537,270335
12538,76289
12540,270870
12541,277551
12542,228918
12543,241993
12544,73547
12545,251224
12546,79707
12547,194146
12548,74604
12549,263021
12552,279448
12553,277181
12554,279748
12555,234186
12557,234704
12558,231379
12559,78295
12560,71384
12561,238040
12562,74970
12563,272877
12564,279542
12566,72741
12568,263724
12569,259389
12570,264514
12571,259402
12572,277325
12573,76133
12576,264821
12577,74627
12578,73610
12579,243599
12580,253586
12581,80534
12582,80542
12583,80806
12584,270001
12585,274099
12586,75189
12587,78014
12588,233931
12589,76245
12590,248278
12591,76250
12592,72163
12593,77045
12594,244731
12595,241411
12597,230409
12598,70928
12599,262940
12600,244252
12601,274978
12602,75309
12603,75057
12604,75843
12605,74836
12606,77141
12607,240472
12609,276321
12610,232550
12611,78457
12612,81537
12614,268434
12615,75923
12618,72616
12620,72703
12622,279868
12623,279877
12625,79950
12626,279641
12629,72299
12631,269427
12633,219796
12634,80278
12635,279456
12636,72887
12637,78776
12638,80314
12639,80570
12640,242874
12641,277180
12642,265407
12643,262079
12645,269005
12646,72459
12647,70934
12648,77088
12649,78115
12650,278571
12651,74556
12652,263487
12653,78911
12654,71493
12657,231520
12658,270955
12659,232831
12660,71309
12661,257936
12662,276369
12663,77467
12664,213156
12665,271530
12666,73131
12667,76716
12668,237245
12669,251586
12670,263628
12671,233945
12672,243427
12674,264442
12675,75782
12676,75053
12677,276783
12678,78400
12679,77379
12680,79689
12681,258903
12682,223064
12684,243316
12685,76918
12686,269187
12687,76427
12688,248207
12690,274853
12691,262576
12692,70065
12693,231110
12694,76746
12695,271051
12697,76780
12699,190962
12700,80635
12701,258599
12702,78121
12703,78379
12704,79917
12705,277805
12707,79696
12709,77663
12710,70765
12711,273530
12712,74623
12713,268678
12714,232083
12715,75421
12716,241053
12717,213433
12718,262590
12719,254172
12720,80351
12721,276979
12722,262651
12723,278034
12724,267796
12726,255553
12728,272986
12729,70241
12730,248429
12732,251274
12733,76706
12734,70821
12737,228784
12738,271540
12739,272317
12741,78792
12742,80072
12743,80598
12744,248280
12747,77561
12748,80378
12749,79101
12750,207624
12751,276489
12752,273678
12753,79638
12755,74038
12756,278602
12757,76880
12758,279657
12759,268652
12761,272529
12762,244377
12763,211622
12764,267690
12765,227760
12766,269233
12767,81346
12768,266467
12769,71142
12770,276477
12771,248319
12772,70170
12773,73754
12775,260635
12776,240929
12779,272446
12780,248126
12781,230722
12782,80216
12784,72048
12785,80754
12786,276866
12788,275599
12790,276666
12791,73149
12792,272830
12793,276677
12794,278727
12795,79836
12796,273885
12797,241120
12798,230882
12799,269033
12801,244476
12802,234749
12803,75264
12804,263683
12808,73290
12809,72013
12810,272465
12811,274262
12812,78175
12813,79207
12814,248687
12816,77693
12817,278408
12818,238473
12819,80025
12820,232114
12822,80857
12823,79585
12824,267761
12825,74749
12827,76292
12828,279058
12829,233492
12830,236573
12831,75568
12832,79172
12833,76883
12834,254294
12835,278118
12836,243827
12837,225910
12839,278437
12840,209320
12841,79284
12843,75222
12844,279000
12845,247518
12847,277238
12848,277498
12849,79114
12851,253476
12852,77608
12854,276017
12855,78660
12856,75097
12857,275297
12859,278119
12860,72556
12861,74876
12862,79231
12863,76417
12864,278919
12865,222346
12866,80275
12867,257683
12868,258453
12869,253350
12870,255400
12871,214698
12872,252074
12873,264121
12874,261062
12875,277703
12877,73165
12879,74969
12880,75747
12881,72169
12882,277225
12883,70136
12884,264451
12885,79375
12886,277034
12887,270137
12888,74043
12889,76869
12891,264033
12892,72301
12893,278392
12894,79243
12895,76686
12899,263884
12900,267995
12901,77539
12903,263152
12904,256252
12905,228101
12906,273926
12909,239126
12910,228419
12913,255854
12914,76413
12915,81534
12916,262283
12917,80526
12918,79251
12919,273814
12920,74911
12921,213414
12922,277938
12924,275645
12925,266196
12926,229851
12928,277749
12929,257277
12930,272385
12931,271116
12932,274188
12933,80917
12934,73768
12935,264305
12936,254838
12937,262268
12938,75400
12939,223880
12940,269197
12941,241812
12942,241828
12943,238508
12945,79281
12946,261053
12948,220893
12950,212225
12951,251416
12952,268067
12954,278600
12955,72034
12956,255333
12957,278121
12960,73083
12961,269949
12963,235184
12964,74164
12966,262869
12967,258776
12968,79065
12970,274665
12972,198904
12973,215565
12975,273692
12977,233785
12978,253760
12979,75330
12981,242533
12982,214639
12983,278896
12984,207491
12985,271496
12986,80799
12987,77738
12988,272813
12989,73136
12990,80562
12991,276406
12994,258529
12995,257800
12996,272655
12997,80669
12998,277026
12999,270888
13000,254003
13001,274494
13002,81474
13004,79945
13005,79706
13006,80218
13007,81262
13008,238197
13009,256892
13011,279682
13012,74886
13013,275080
13014,74635
13015,78998
13017,263329
13018,80291
13020,232642
13022,261333
13023,80346
13025,72939
13026,276220
13027,204816
13029,77352
13030,274998
13031,78657
13032,277316
13033,79944
13034,228681
13035,247889
13036,278354
13037,79957
13039,74589
13040,71277
13041,243568
13042,264561
13043,274841
13045,80292
13046,77762
13047,239813
13048,245710
13049,279766
13050,71908
13051,278758
13052,71420
13053,79625
13056,277285
13057,77362
13058,70712
13061,80231
13062,240244
13065,239998
13066,269960
13067,247689
13068,80019
13070,279461
13071,278955
13072,72371
13073,271317
13074,263901
13076,245215
13078,198642
13080,70906
13081,72192
13082,80651
13083,243738
13084,76579
13085,224556
13086,76865
13087,254810
13090,78707
13091,242562
13092,268936
13093,79759
13094,71832
13097,225714
13103,275212
13104,79125
13105,79900
13107,257054
13108,279845
13109,255536
13110,256314
13111,70462
13112,246079
13114,73296
13116,253809
13117,278643
13119,272538
13120,72365
13121,73138
13123,75709
13125,244204
13126,261872
13127,263923
13128,238579
13129,72698
13130,71478
13131,79929
13132,275006
13134,244040
13136,80490
13137,222349
13138,79000
13140,76966
13141,173734
13142,81324
13143,278987
13145,218576
13146,203487
13147,271075
13148,74997
13149,271605
13151,229901
13153,74782
13154,271669
13155,79687
13156,75855
13157,229200
13158,77393
13159,263775
13160,244324
13162,219768
13163,258172
13164,78229
13165,276394
13166,264365
13167,73658
13168,272322
13169,248281
13171,73699
13172,229126
13174,271143
13175,71471
13176,230708
13178,264000
13179,277318
13181,276052
13182,228997
13183,263304
13184,70322
13185,255416
13186,74689
13188,241864
13190,75478
13192,263411
13193,80380
13195,80641
13196,71181
13198,70941
13199,278301
13200,240926
13201,275283
13202,241252
13203,277624
13207,209547
13208,276375
13209,243102
13210,71590
13211,277421
13212,248237
13214,266176
13215,228290
13216,79053
13217,276429
13219,276960
13220,258532
13221,79342
13223,76788
13224,278261
13225,76791
13226,80126
13228,76034
13229,230677
13230,233780
13232,71487
13233,248133
13234,75081
13235,264802
13236,264300
13237,263293
13238,70013
13239,74628
13240,73356
13241,74646
13242,214682
13243,73121
13244,245153
13245,78757
13247,79789
13250,77794
13251,73461
13252,258806
13253,270609
13254,264218
13255,270363
13258,213323
13261,74348
13263,75658
13264,242826
13265,76691
13266,71828
13267,78484
13268,266394
13269,238779
13271,71369
13272,276964
13273,276461
13274,261104
13275,75527
13276,79910
13277,73007
13278,257842
13279,80691
13281,272709
13282,79942
13283,228191
13284,214884
13285,226170
13286,75671
13287,224669
13288,263336
13289,80558
13291,268468
13292,71611
13293,226753
13294,270540
13296,74448
13297,80080
13298,79321
13299,264411
13300,81378
13301,74222
13302,275974
13303,260874
13304,257302
13305,221486
13306,79931
13307,79168
13308,76122
13310,221323
13311,72596
13313,77978
13314,79530
13315,241322
13316,73900
13318,80074
13319,279251
13322,80148
13323,273948
13324,208942
13325,274993
13326,78136
13327,251451
13329,72543
13331,79228
13332,239259
13333,246950
13335,80821
13336,278454
13337,236985
13338,80064
13339,80068
13340,276430
13341,78288
13342,276947
13344,266734
13345,192008
13346,257303
13347,80412
13348,266528
13349,251168
13350,76066
13351,79653
13352,74548
13353,73572
13354,211556
13355,75895
13356,271244
13357,243099
13358,79299
13359,77766
13360,76244
13363,222449
13364,252690
13367,74818
13368,276555
13369,70006
13370,193143
13371,78212
13373,279182
13375,244942
13376,274132
13377,79831
13378,256728
13379,279005
13380,275184
13382,263931
13384,76315
13386,244028
13388,261454
13389,77652
13390,234339
13392,245355
13393,274038
13395,79773
13396,279714
13398,241318
13399,269227
13400,80043
13401,245420
13402,214192
13403,238008
13404,270279
13406,262917
13407,259346
13408,78355
13409,80151
13411,70458
13412,81470
13414,80474
13415,79712
13416,275045
13417,270706
13418,269963
13419,258457
13420,252571
13422,243107
13423,254176
13424,73953
13428,275179
13429,77107
13430,279101
13431,259916
13432,78695
13433,277353
13436,238749
13437,77729
13438,273593
13439,80076
13440,77010
13441,79061
13442,80085
13443,79062
13445,256232
13446,70143
13447,79366
13449,224558
13450,245813
13451,70475
13452,259147
13454,79203
13455,278642
13456,76150
13459,75669
13461,261040
13462,260789
13463,250810
13464,259514
13465,79048
13467,79835
13468,77792
13469,271855
13470,203264
13471,74755
13472,272644
13473,273949
13474,80671
13475,80172
13476,73005
13477,232258
13478,272454
13479,76621
13480,78158
13481,78414
13483,248177
13484,188538
13485,255632
13486,263313
13487,243867
13489,80565
13490,257217
13491,80578
13492,255427
13493,259269
13494,241862
13495,271050
13496,73163
13497,75232
13498,275714
13499,73483
13500,74525
13501,77602
13503,77889
13504,262731
13505,278362
13506,80734
13507,74591
13508,70752
13510,80238
13511,279669
13512,272759
13513,277636
13514,262027
13515,78746
13516,74910
13517,213667
13518,75949
13519,279487
13521,78032
13522,72405
13523,244707
13526,78584
13527,276985
13528,271637
13529,272673
13532,268420
13533,75656
13534,80008
13535,73613
13536,256926
13537,76967
13538,76456
13539,278203
13540,80572
13541,207555
13542,80328
13543,212683
13545,80611
13546,272909
13547,79911
13549,77624
13550,72020
13552,78702
13553,74354
13554,238450
13555,274549
13557,271494
13558,77197
13559,80269
13560,237969
13561,263058
13562,79792
13563,71350
13564,194759
13565,70092
13568,78318
13570,237040
13571,75510
13573,268558
13574,276758
13575,78615
13576,81451
13577,270381
13579,252737
13580,258375
13581,75592
13582,258642
13583,72276
13584,268886
13585,74853
13587,269476
13589,75456
13590,263621
13591,77525
13593,78037
13594,271584
13596,274672
13597,226803
13598,80642
13599,274959
13600,80667
13601,277022
13603,71206
13604,275257
13605,277315
13607,76905
13608,223091
13609,70520
13610,272514
13612,78729
13613,73113
13615,81323
13616,70834
13617,77262
13618,233435
13620,263955
13621,274451
13622,276756
13623,70935
13624,80719
13625,275027
13626,74583
13627,70746
13628,74608
13629,73102
13630,276122
13631,243869
13632,243117
13634,248498
13635,79034
13636,79822
13637,200404
13639,248296
13640,73200
13641,271106
13642,73258
13644,71729
13645,251456
13646,208965
13647,78411
13648,279122
13649,77395
13650,245361
13651,77746
13652,274101
13654,80852
13655,76246
13656,269531
13657,78558
13659,277489
13660,79616
13665,79230
13666,79008
13667,80034
13668,279474
13669,78268
13672,80847
13673,267989
13674,259561
13675,257003
13677,71172
13678,271880
13680,252962
13682,276270
13684,71243
13685,74352
13686,74622
13687,278146
13688,269704
13689,262554
13690,278178
13691,80060
13692,200408
13693,74979
13694,253669
13695,79078
13696,198892
13699,77587
13701,76058
13702,278305
13703,268074
13704,219694
13705,278319
13706,73012
13707,253499
13710,278132
13711,222592
13713,77216
13714,73394
13715,257717
13716,75191
13718,73659
13719,80579
13720,261358
13721,81414
13722,74504
13723,263702
13724,200731
13725,261677
13726,266552
13727,260159
13728,271936
13729,276808
13730,276057
13731,240997
13732,76909
13733,78711
13734,79496
13735,74126
13737,74922
13740,231613
13741,79815
13742,75476
13744,72164
13745,74009
13746,255525
13747,78131
13748,274228
13749,74559
13750,75086
13752,228199
13753,78699
13754,275564
13755,80259
13756,279174
13757,268431
13758,81317
13760,278958
13761,80832
13763,257236
13767,75278
13768,72979
13769,279827
13770,78356
13771,73765
13772,74544
13773,255798
13774,277047
13776,264025
13777,275304
13778,252549
13779,235916
13780,278759
13781,277288
13782,278056
13783,77625
13784,269635
13785,269894
13786,264788
13788,81518
13789,256672
13790,232102
13791,246695
13792,264633
13793,76990
13794,271556
13795,210648
13796,263403
13798,255273
13799,81452
13800,261425
13802,74814
13803,262722
13804,254552
13805,264029
13806,271222
13807,279685
13808,277899
13809,71314
13810,248222
13811,76970
13812,191915
13813,260586
13814,262160
13816,71722
13818,73291
13819,209491
13820,71260
13821,71264
13822,72306
13824,76668
13825,77496
13826,74704
13827,77266
13828,80596
13829,256482
13831,245499
13832,72715
13833,78348
13834,72973
13835,198178
13836,274723
13837,79918
13838,277303
13839,244799
13841,77153
13842,237667
13843,78726
13844,268430
13846,80305
13847,261055
13848,260044
13849,277980
13850,271325
13851,236267
13852,273922
13853,271882
13855,73033
13858,78722
13859,247962
13860,248482
13863,75485
13864,80862
13865,269537
13866,220901
13867,251621
13869,259083
13870,202014
13872,255297
13873,76613
13874,272974
13875,266833
13876,258412
13877,73600
13878,246663
13879,227549
13880,74206
13881,261881
13882,79376
13884,77130
13885,75856
13886,251738
13887,73308
13888,79971
13890,262768
13891,267637
13892,268917
13893,271004
13894,279213
13895,278201
13897,80846
13898,74724
13899,261606
13900,273898
13901,251118
13902,256507
13903,79102
13904,77827
13905,75033
13907,247601
13908,263733
13909,226102
13910,79927
13912,275301
13913,275559
13914,190602
13915,250780
13916,278946
13917,276644
13918,276393
13919,72894
13920,79820
13921,277201
13923,71150
13926,204042
13927,261899
13928,80143
13929,81447
13930,270655
13931,81496
13934,70273
13936,203161
13937,275622
13938,72871
13942,76223
13943,77528
13944,251895
13945,78589
13946,80902
13947,76040
13949,238634
13950,80190
13951,253001
13952,252251
13954,73086
13955,268685
13957,260514
13958,244135
13959,77502
13960,71158
13962,253967
13963,238880
13964,271394
13965,78122
13966,77629
13968,278636
13969,234861
13970,236914
13971,205186
13972,80779
13973,80801
13975,79795
13976,275130
13977,80066
13978,268483
13979,235729
13980,268498
13981,265694
13982,80637
13983,266502
13985,73255
13986,234813
13989,238413
13991,235600
13992,247376
13993,260439
13994,77656
13995,80484
13996,79498
13997,256396
13998,74645
13999,258470
14000,73133
14002,231093
14004,259518
14006,277214
14008,77536
14009,277985
14011,72190
14014,279575
14016,237341
14017,224549
14018,278054
14019,268610
14020,78407
14022,260703
14025,226411
14027,72310
14028,243321
14030,266109
14031,258689
14035,276123
14036,80288
14037,263847
14038,276680
14039,79306
14040,78030
14042,272355
14043,74984
14045,251906
14046,259082
14047,231179
14048,277516
14050,76571
14051,80239
14052,262534
14053,80030
14054,71348
14055,79548
14056,273854
14057,236488
14058,78847
14060,72717
14061,241692
14062,74787
14063,257081
14064,80199
14065,76874
14066,266838
14067,74842
14068,275557
14069,263018
14070,271228
14071,75391
14072,73863
14074,266659
14075,225195
14078,79335
14079,79611
14080,267800
14081,79645
14082,241699
14083,272944
14084,76868
14085,246345
14087,275300
14088,242532
14089,248171
14090,73604
14091,80006
14093,202408
14094,79029
14095,79322
14097,78059
14098,276460
14099,270064
14100,234261
14101,221990
14102,258089
14103,261675
14104,78910
14105,76639
14106,279928
14108,78736
14109,227738
14110,80029
14111,257698
14112,73643
14113,276172
14114,263642
14115,279025
14116,74995
14117,275443
14118,239859
14119,229369
14120,257793
14121,260881
14122,75794
14123,220956
14124,272723
14125,274268
14126,266095
14127,74399
14128,255912
14130,73400
14132,79038
14133,208073
14134,240352
14135,79610
14136,253445
14138,267790
14139,247574
14140,81460
14142,214356
14143,76647
14144,269684
14146,276689
14147,79060
14148,256990
14149,279008
14150,270599
14152,79655
14153,72247
14155,247407
14156,263024
14157,271989
14158,70018
14159,73090
14160,266375
14161,246157
14162,75423
14163,269484
14164,73661
14166,274382
14168,279797
14171,254522
14172,78696
14173,78441
14175,239750
14176,275602
14177,80277
14178,73369
14180,75170
14181,273584
14182,73158
14183,74698
14184,277995
14185,260625
14187,247350
14188,73041
14189,253024
14190,278369
14191,264314
14192,229771
14193,80268
14194,224426
14196,243910
14197,273877
14198,259542
14199,76507
14200,76016
14201,77818
14202,211978
14203,251915
14204,274707
14205,75558
14206,252205
14207,78152
14208,77460
14209,76720
14210,79287
14211,80322
14212,278217
14213,279249
14214,265454
14215,278777
14216,255518
14217,78630
14218,274474
14219,77112
14220,263748
14222,71257
14223,260459
14225,74368
14226,247963
14228,276170
14229,70141
14230,77585
14231,71191
14232,80153
14234,72739
14236,75084
14238,243848
14240,243860
14241,79041
14242,264657
14243,259803
14244,80110
14245,73464
14248,80150
14250,276769
14252,71254
14253,77149
14254,81513
14255,70252
14256,257649
14257,72308
14259,262556
14260,80320
14262,270044
14263,77022
14264,79083
14265,73974
14266,278282
14267,266012
14268,272672
14269,270116
14270,271415
14271,71482
14272,251722
14275,262272
14277,230306
14278,78015
14280,76747
14281,71897
14282,80123
14283,75261
14284,76798
14286,76306
14287,70700
14288,279349
14289,279871
14291,259727
14292,72095
14293,79266
14294,72118
14295,72124
14296,270528
14297,80576
14298,72675
14299,77040
14300,258804
14301,76806
14302,275211
14303,252942
14304,272407
14306,78377
14307,266564
14308,270933
14309,266328
14310,80217
14312,277597
14314,73109
14315,235185
14316,81336
14317,263874
14318,73433
14322,260380
14324,252459
14325,271664
14326,77115
14327,71743
14328,270399
14334,220539
14335,263811
14336,77193
14337,224667
14338,211874
14340,266736
14345,78393
14346,261954
14347,72528
14348,264785
14349,77668
14350,73061
14352,77187
14353,266699
14354,79571
14357,79069
14358,78324
14359,80884
14360,276531
14362,78995
14363,73367
14364,71864
14366,278988
14367,75730
14369,244963
14370,71655
14371,239118
14372,73766
14373,278828
14374,211250
14375,70460
14376,80708
14377,274005
14378,279896
14380,238179
14381,81508
14382,272756
14383,271754
14385,74673
14388,76236
14389,274897
14390,277462
14391,274686
14392,264203
14393,74520
14394,278823
14395,274219
14397,79663
14399,74036
14401,220230
14402,78938
14403,71843
14407,276251
14409,231479
14410,186695
14411,81483
14414,81237
14416,275323
14417,77438
14418,273027
14419,76425
14420,252835
14422,70577
14423,257718
14424,252349
14425,192448
14426,75213
14427,80850
14428,72167
14429,77298
14430,268533
14431,75768
14432,80657
14433,266015
14434,77344
14435,276543
14436,262465
14437,76870
14438,74107
14439,80774
14440,270471
14441,279198
14442,76962
14444,71109
14445,269520
14449,278014
14450,277002
14451,72986
14452,237875
14453,245048
14455,78399
14458,206170
14459,278367
14460,80488
14461,268907
14462,276863
14463,73089
14464,80319
14465,268749
14466,267486
14467,73727
14470,254994
14472,75311
14473,275261
14474,246080
14475,276033
14477,236618
14478,260435
14479,73305
14480,277360
14481,75645
14482,239540
14483,279480
14484,276425
14485,76261
14486,77295
14488,75252
14489,233212
14492,243465
14493,235546
14494,241438
14495,79681
14496,76616
14497,78920
14499,273020
14500,74112
14501,271235
14502,259230
14503,78259
14504,279219
14505,80838
14506,268747
14507,73932
14508,79572
14509,200159
14510,248302
14511,70918
14512,274721
14513,253478
14514,79661
14515,271425
14516,75611
14517,80232
14518,254588
14519,248470
14520,264599
14521,73881
14522,265637
14524,268729
14526,222157
14527,77532
14528,74974
14529,70113
14531,277487
14532,71956
14533,79642
14534,71724
14535,279092
14536,73016
14537,79169
14540,80527
14541,267491
14542,272622
14543,248308
14544,80887
14545,240392
14546,244272
14547,71232
14548,279874
14549,75332
14550,275044
14551,77413
14552,246930
14553,262048
14555,70584
14557,279514
14558,239086
14559,78079
14561,257291
14562,271632
14563,80678
14564,275249
14565,275252
14566,268102
14567,79192
14568,77405
14569,75884
14570,265597
14571,221316
14572,255136
14573,79787
14574,79788
14576,279240
14577,228106
14578,74522
14579,270121
14580,268338
14581,257851
14582,201026
14583,76644
14585,80766
14586,77968
14587,273815
14588,74147
14589,270023
14590,263114
14594,276978
14595,70138
14596,76285
14597,80139
14598,279824
14599,278829
14600,270382
14601,78655
14602,228707
14603,70539
14604,243344
14606,278701
14607,79030
14608,80840
14609,73172
14610,231396
14611,262379
14612,79912
14613,77357
14614,76618
14615,265548
14616,263247
14617,70754
14619,273803
14620,71624
14621,256994
14622,278761
14623,248814
14624,243212
14625,202259
14627,274526
14628,274272
14629,263031
14631,277930
14634,79549
14635,274636
14636,74466
14637,70121
14640,279063
14641,278041
14642,72988
14643,226855
14644,80201
14645,80729
14646,77147
14647,74080
14648,80492
14650,279738
14651,261565
14652,274130
14653,78290
14654,76759
14655,278249
14656,73201
14657,247031
14658,73759
14659,245024
14661,268620
14662,251744
14663,78956
14664,74116
14665,222625
14666,73656
14667,73956
14668,71407
14669,275183
14670,268550
14671,277007
14672,261907
14673,271638
14674,205139
14675,76132
14676,269942
14677,79225
14678,80505
14680,276130
14681,80561
14682,278707
14683,77763
14685,79368
14686,70699
14688,72271
14689,72319
14690,259976
14691,80544
14692,79793
14693,241334
14696,72431
14697,275952
14698,279807
14699,79637
14700,78103
14701,79640
14702,244000
14703,75565
14704,80186
14706,80219
14708,75614
14709,76670
14711,71815
14712,75410
14713,253079
14714,276656
14715,244944
14716,266717
14717,78310
14718,71167
14719,74242
14721,76072
14722,278596
14724,263796
14725,232332
14726,81312
14727,228770
14728,278181
14729,76969
14730,73905
14731,266424
14732,79288
14734,200718
14735,79639
14736,81463
14737,237644
14738,77134
14740,73854
14741,78723
14742,71812
14743,263813
14744,238221
14745,73110
14746,70066
14747,73154
14748,73930
14749,246264
14750,74747
14751,81412
14753,278569
14754,76846
14755,79165
14756,81473
14757,243534
14760,73105
14761,238260
14762,277700
14763,221906
14764,245493
14765,244240
14766,76570
14767,259358
14770,77178
14771,267425
14774,70585
14776,272896
14777,272918
14778,74790
14780,276820
14781,76666
14784,75660
14785,214933
14787,275871
14788,221087
14789,242672
14791,74003
14793,251178
14794,71469
14795,79956
14796,80236
14797,273533
14798,279203
14799,70056
14800,77499
14801,73943
14802,230872
14803,268519
14804,240446
14805,259137
14806,259653
14807,80721
14808,199005
14809,75141
14810,74384
14811,78233
14812,70824
14813,74430
14814,238287
14816,78056
14817,268540
14818,279805
14819,260192
14820,265596
14821,79493
14823,73867
14824,259730
14825,73395
14826,71860
14828,204219
14829,72899
14831,259271
14832,205530
14833,275682
14834,203749
14836,77586
14837,78632
14839,237885
14840,76626
14842,76661
14844,78541
14845,240333
14846,244190
14849,75801
14850,254750
14852,74050
14855,81239
14856,274533
14858,255378
14859,75678
14860,75198
14862,73693
14863,272617
14864,70123
14865,236018
14868,278098
14870,268651
14871,70015
14872,77720
14873,80536
14874,230297
14875,78758
14876,279212
14877,76981
14878,247490
14879,77009
14880,77526
14881,73183
14883,77072
14885,81449
14886,79151
14888,253518
14889,276840
14890,74614
14891,74631
14892,264334
14894,74135
14895,270490
14896,79777
14897,77486
14898,240056
14899,200697
14900,76572
14901,262717
14902,77394
14903,251992
14904,248197
14905,77463
14906,220061
14907,80543
14909,200633
14910,70869
14911,256473
14912,274404
14914,76536
14915,80650
14916,271921
14917,74546
14918,77122
14919,78665
14920,78188
14921,74690
14922,266438
14923,77522
14924,226006
14925,270065
14926,81416
14929,70444
14930,78452
14931,75145
14933,275108
14935,262099
14936,78559
14937,266720
14938,261357
14939,80624
14940,261874
14941,257029
14943,248334
14945,275227
14946,264486
14947,80166
14948,75058
14949,72254
14950,263766
14951,262522
14952,78223
14953,264597
14954,234910
14955,278976
14956,74948
14958,256499
14959,251658
14960,223763
14961,79137
14962,78887
14963,261164
14964,80183
14966,77969
14967,264367
14968,79798
14969,276168
14970,78034
14971,269529
14973,80386
14974,80141
14977,271147
14978,245043
14980,254282
14981,211793
14982,76121
14983,278366
14984,259686
14985,273810
14986,276903
14987,279228
14988,80082
14990,75759
14992,277545
14993,77636
14994,258373
14995,81478
14996,73040
14997,80020
14998,79264
14999,248770
15000,73944
15001,79615
15002,177683
15003,278832
15004,78916
15005,72550
15006,239502
15007,81310
15010,200389
15011,79311
15012,278511
15013,277747
15014,235514
15015,225051
15016,73763
15018,273760
15021,78965
15022,275338
15023,80525
15024,74685
15025,73150
15026,257493
15027,250847
15028,80138
15029,259103
15031,72769
15033,269433
15034,73594
15035,238986
15036,274363
15037,278213
15038,279501
15040,79117
15041,278804
15042,77604
15043,260143
15044,75586
15045,263496
15046,74077
15047,274278
15048,77732
15049,70055
15050,74433
15051,235218
15052,79828
15054,228928
15056,75362
15058,74644
15059,257439
15060,78538
15061,278227
15062,80858
15064,273931
15065,215823
15066,279591
15068,239700
15069,247905
15070,254317
15071,77953
15072,205211
15073,80318
15076,277490
15078,253207
15079,252185
15080,78618
15081,75299
15082,278346
15083,241997
15084,77174
15085,74884
15086,223885
15087,76942
15089,273553
15090,271255
15091,267960
15093,78048
15094,269110
15096,252246
15097,77166
15098,273788
15099,71046
15102,269199
15103,79780
15104,75451
15105,78543
15106,76513
15107,79086
15109,261921
15110,203590
15111,74335
15112,78177
15113,278641
15114,74372
15115,80535
15116,80024
15117,236197
15118,275128
15119,80577
15121,241622
15122,245750
15123,256786
15124,266805
15125,279619
15126,71777
15129,252844
15130,70836
15131,73396
15132,248304
15133,186122
15135,71459
15136,70492
15137,81248
15138,270735
15140,79790
15141,75952
15142,70332
15143,80343
15144,71129
15146,72955
15147,267844
15149,80478
15151,80007
15152,265631
15153,76226
15155,259319
15156,270340
15158,80710
15160,188782
15161,74620
15163,271025
15164,279478
15167,72935
15168,234508
15169,79141
15171,253015
15172,277855
15173,238963
15174,71091
15175,80070
15176,80585
15177,257487
15181,163587
15182,74518
15183,278363
15184,277877
15186,79006
15187,73377
15188,73187
15189,74983
15190,73972
15191,253708
15192,275499
15193,81458
15195,78391
15196,80187
15198,75095
15199,77924
15200,76391
15201,266890
15202,75422
15206,228624
15209,193105
15213,78714
15214,267402
15215,264856
15216,73940
15217,80602
15218,75740
15219,79370
15220,79160
15221,79936
15222,262213
15223,257863
15224,76878
15227,75389
15228,79229
15229,74906
15230,71836
15231,222889
15232,269759
15234,76503
15235,75738
15237,78895
15239,80503
15240,265601
15241,72085
15243,76749
15244,204496
15245,73683
15246,273897
15247,276205
15248,79598
15249,75786
15250,73753
15251,266790
15252,75312
15254,241578
15255,80580
15256,79305
15257,77605
15259,77414
15260,237926
15261,79490
15262,79494
15263,267694
15264,70104
15265,255993
15266,74243
15268,74792
15269,75083
15270,254800
15271,72028
15272,75876
15274,236677
15275,70029
15276,76979
15277,79059
15278,71138
15279,232675
15280,276994
15281,80643
15282,259873
15283,79919
15284,276789
15285,73568
15288,72061
15289,260776
15290,272312
15291,228829
15292,277474
15293,269552
15294,192250
15295,77574
15296,80647
15298,228383
15299,279843
15300,261673
15305,266577
15306,80731
15307,173671
15308,72086
15309,77464
15310,276645
15311,80294
15313,219621
15314,77545
15315,80695
15316,235840
15317,79947
15318,278133
15319,80810
15321,270000
15322,264662
15323,77271
15324,76505
15325,251111
15326,232170
15328,74507
15329,215316
15331,266304
15332,77660
15333,245356
15335,274041
15336,225149
15337,255369
15338,75432
15339,79558
15340,73939
15341,186101
15342,78088
15343,279850
15344,260187
15345,259990
15346,268959
15347,72376
15348,248276
15349,266721
15350,239596
15351,74733
15352,76525
15353,71987
15354,270929
15358,74944
15360,80612
15361,78113
15362,264277
15363,75134
15365,268429
15366,247978
15367,264366
15368,273598
15369,74949
15371,74695
15373,78563
15374,275687
15376,275492
15377,76085
15378,223069
15379,80485
15381,71850
15382,80308
15383,211908
15385,80868
15386,259300
15387,71423
15388,279045
15390,79214
15391,252552
15392,278671
15393,72601
15394,71344
15397,79623
15398,79384
15399,79914
15400,273979
15401,78404
15402,278606
15403,228210
15404,276344
15405,76933
15407,264340
15408,279218
15409,76494
15410,78303
15411,278751
15414,263655
15415,271353
15418,253509
15421,223852
15422,279937
15424,76971
15429,78087
15430,79680
15431,76655
15432,76658
15433,275322
15434,74921
15435,78016
15438,278248
15439,232760
15440,259175
15442,80539
15444,233947
15445,248815
15446,278257
15447,74765
15448,223249
15449,74531
15450,77915
15451,79967
15452,76912
15453,77430
15454,274574
15455,72089
15456,79063
15457,80089
15458,217841
15459,78579
15460,80634
15461,244241
15462,74297
15463,259954
15464,272792
15466,79037
15468,278479
15469,80338
15470,71412
15471,81427
15472,260373
15473,278815
15475,77939
15476,77173
15478,70636
15479,80626
15481,81409
15483,71970
15484,70951
15485,259719
15486,80091
15487,75490
15488,79074
15489,81379
15490,78066
15491,274974
15493,266539
15494,269115
15495,76860
15497,275604
15499,74000
15501,280142
15502,232295
15503,214404
15504,79762
15506,80586
15507,74492
15509,77086
15510,186153
15511,229182
15512,271240
15513,77722
15514,228789
15516,273879
15517,224987
15518,261886
15519,216065
15520,264255
15521,78947
15522,80494
15523,73108
15524,270515
15525,70103
15531,70214
15532,198497
15534,81268
15535,251264
15536,74369
15537,219522
15538,75149
15539,262542
15540,263851
15541,74417
15542,76741
15543,250830
15544,70105
15545,77025
15546,278247
15547,243431
15548,244769
15549,76851
15550,78150
15552,81516
15554,78996
15555,77724
15556,80079
15557,80616
15558,71431
15560,79391
15561,266788
15562,78652
15563,77148
15565,78230
15566,79291
15567,225739
15568,78040
15569,77046
15570,270380
15571,79202
15572,71791
15573,71324
15574,77764
15576,195037
15577,238840
15578,241671
15579,261640
15580,80157
15581,71200
15582,77637
15583,79184
15585,71781
15586,75237
15587,79651
15588,271396
15589,277619
15590,78199
15592,71848
15594,259311
15595,80901
15596,81415
15597,264458
15598,78874
15599,224041
15600,81487
15602,274839
15603,80293
15604,256428
15605,80813
15607,246715
15609,276679
15610,261885
15611,274199
15612,70952
15613,250989
15614,273538
15615,70799
15617,270742
15618,77215
15619,79538
15620,72900
15621,259276
15622,271253
15623,71358
15624,261887
15625,78852
15626,268561
15627,77333
15628,256789
15629,75802
15630,73622
15631,261821
15632,71392
15634,79983
15635,192119
15636,80508
15637,71125
15638,76257
15639,269037
15641,77297
15642,80133
15643,278560
15644,276004
15646,245036
15648,240704
15650,78174
15651,76390
15652,78440
15654,215086
15655,204870
15658,76419
15659,77970
15661,75443
15662,78524
15663,70658
15664,80155
15665,81495
15666,72551
15667,77433
15669,74158
15670,278796
15671,70975
15673,77921
15674,76395
15675,222389
15678,71943
15679,75529
15680,256305
15681,251760
15682,77195
15683,276385
15684,276132
15686,210358
15687,78036
15688,79092
15690,77606
15691,70446
15693,72046
15694,190113
15695,80347
15696,70634
15697,238574
15698,74510
15699,78886
15700,79968
15701,260962
15702,261763
15703,276169
15704,77786
15705,75238
15706,261934
15707,199482
15708,73545
15709,70744
15710,184167
15711,209256
15712,71274
15713,269682
15714,231284
15715,79515
15716,271028
15717,272833
15718,74989
15719,231678
15720,77311
15721,279563
15724,77626
15725,79421
15726,252305
15727,73106
15728,73901
15729,81484
15730,276055
15731,74359
15732,268466
15734,81345
15735,76235
15736,264408
15737,79383
15738,270397
15739,264015
15740,77914
15741,269671
15742,213901
15745,75427
15747,277475
15748,261905
15749,80160
15751,243528
15752,76923
15753,278941
15754,74161
15755,80326
15756,277460
15757,79066
15758,75236
15759,74732
15760,75811
15761,78629
15762,72582
15763,80522
15764,274855
15766,275960
15767,224267
15768,77884
15769,277570
15770,74847
15772,241299
15773,81383
15774,73542
15775,247631
15776,77932
15777,78217
15778,77007
15779,215251
15780,266198
15781,79830
15782,278502
15783,71942
15784,228108
15785,224836
15786,279114
15787,277580
15788,255836
15789,76172
15790,263063
15791,272828
15792,182494
15793,266208
15794,277495
15795,265575
15796,75129
15797,274414
15799,79683
15800,77387
15801,275043
15802,78950
15805,79269
15806,78539
15807,77517
15808,277493
15809,256519
15810,253753
15811,260724
15814,270743
15817,228279
15819,277250
15820,81410
15822,81423
15823,266269
15825,81486
15826,274525
15827,274026
15828,77941
15829,74363
15830,79503
15834,264223
15835,256304
15836,253012
15837,73666
15838,78573
15839,277744
15840,227127
15841,77903
15842,70340
15844,277492
15845,267801
15846,199010
15847,274542
15848,77202
15849,274117
15850,275663
15851,279520
15852,78077
15853,78336
15854,76291
15856,79895
15857,74367
15858,79767
15859,72112
15860,78523
15861,80315
15862,75457
15863,76521
15865,277538
15866,146296
15868,71080
15870,266437
15871,80071
15872,229091
15874,266319
15875,79976
15876,264695
15878,74800
15879,70483
15880,74597
15881,72560
15882,273552
15883,200655
15884,227290
15886,71653
15887,77053
15889,75136
15890,75155
15891,80554
15892,189357
15893,71127
15894,71149
15895,222464
15896,76035
15897,74756
15898,79984
15899,80545
15900,224702
15901,279236
15902,212442
15904,79881
15906,223550
15908,233306
15909,261988
15911,173426
15912,73087
15913,278937
15914,230318
15915,71689
15916,75799
15917,204883
15918,74074
15919,277860
15920,77209
15921,247714
15922,278748
15923,220383
15924,185122
15925,70759
15926,76553
15928,210715
15929,79650
15930,81481
15931,77190
15932,79812
15933,79776
15934,194730
15936,277479
15937,263237
15941,72417
15942,79867
15943,79388
15944,74302
15945,78163
15946,80233
15949,278674
15950,75225
15951,225280
15952,71010
15953,271971
15954,199641
15955,79579
15956,80145
15958,276060
15959,252517
15960,78981
15961,222900
15963,76025
15964,79423
15965,77131
15967,76225
15968,80587
15969,73737
15971,74777
15972,275319
15973,231303
15974,77247
15976,167948
15978,207935
15979,79692
15982,79533
15985,262636
15986,220407
15988,80918
15989,230182
15990,73292
15992,278158
15993,73988
15994,230670
15997,76597
15998,80703
15999,205377
16000,81236
16001,76699
16002,77471
16003,73918
16004,70642
16005,227370
16006,269111
16007,72009
16008,70518
16009,274107
16010,78783
16011,73425
16012,192984
16013,78569
16014,273674
16015,79652
16016,199987
16017,79463
16018,75472
16019,77556
16020,80142
16021,80177
16022,73312
16023,80756
16024,261919
16025,216750
16026,182224
16027,269031
16028,222195
16029,73733
16031,274537
16032,79986
16033,268930
16034,234777
16035,203841
16038,77919
16039,278174
16040,236452
16041,80389
16042,279659
16044,71839
16045,76489
16046,72170
16047,76886
16048,269932
16049,79271
16051,219637
16052,72992
16053,79654
16057,204549
16058,278595
16059,215132
16061,276770
16062,79404
16063,256083
16064,70240
16065,72805
16066,257685
16067,71440
16068,193314
16069,224550
16071,209987
16072,223573
16073,73576
16074,278131
16075,77457
16076,81311
16077,279712
16078,278196
16079,79803
16080,77812
16082,75627
16083,254328
16084,278151
16085,74151
16086,75262
16087,215048
16088,231237
16089,79218
16090,81272
16091,222114
16092,71393
16094,75777
16096,77077
16097,79923
16098,266610
16099,75448
16100,73570
16101,74350
16102,72597
16103,204966
16104,276984
16105,220944
16106,76563
16107,279145
16108,278638
16109,78231
16110,77264
16111,259567
16114,78732
16115,73141
16116,73438
16118,72324
16119,71636
16120,198625
16121,246267
16122,246158
16123,274350
16125,219244
16126,75639
16127,79535
16128,206555
16129,277017
16130,269626
16132,227186
16133,75647
16134,276622
16135,78742
16136,71577
16137,78058
16138,276784
16139,209981
16140,204354
16141,194934
16142,229541
16144,279125
16145,77435
16146,77436
16148,76470
16149,277229
16151,79256
16153,77598
16154,193080
16155,78436
16156,272748
16157,264362
16158,220624
16159,71145
16160,78941
16161,73324
16162,235704
16163,162328
16164,251737
16165,70514
16166,80287
16167,200110
16168,272814
16169,76721
16170,279785
16171,277491
16172,73460
16173,76794
16175,75943
16176,77553
16178,77902
16180,76152
16181,77967
16182,233164
16183,73462
16184,207633
16185,80205
16187,219754
16188,76680
16190,262070
16191,77102
16193,77643
16194,77392
16195,220048
16196,73924
16197,74967
16198,79851
16199,77809
16200,71926
16201,76026
16203,79949
16205,72302
16206,275652
16207,264661
16208,279787
16209,274422
16210,79886
16211,271656
16212,242734
16213,198513
16214,228505
16216,275650
16217,259532
16219,264499
16220,81234
16221,77172
16223,273880
16224,75524
16226,77882
16227,229692
16228,234577
16229,273756
16230,75883
16231,221584
16232,77206
16233,276630
16234,267424
16235,199103
16236,189146
16238,224003
16239,79371
16240,215069
16241,269030
16242,70661
16243,173373
16244,200059
16245,256407
16246,275642
16247,200209
16248,204308
16249,211738
16250,230204
16252,167435
16253,242700
16254,240913
16255,77610
16256,72553
16257,215223
16258,217805
16259,247013
16260,277302
16261,74057
16262,79710
16263,79718
16264,73099
16266,164835
16267,78204
16268,80265
16270,262862
16272,209960
16273,271756
16274,265628
16275,79774
16276,75447
16277,79566
16278,278234
16279,278841
16280,259934
16281,73062
16282,235073
16284,77726
16285,78525
16287,75265
16288,193698
16289,188094
16290,79840
16294,80227
16296,70637
16297,79103
16298,193331
16299,188836
16300,162220
16302,210385
16303,80350
16305,230727
16306,265826
16307,70762
16308,80274
16309,79809
16310,259273
16311,75498
16312,204842
16313,71988
16314,77091
16315,190243
16317,274050
16318,260250
16319,278694
16320,224241
16321,274419
16322,213413
16323,277438
16324,70856
16326,276244
16328,259065
16329,71688
16330,276829
16331,176550
16332,189117
16333,228562
16334,219941
16335,81235
16336,79965
16337,78943
16338,77927
16339,78185
16340,76394
16341,73880
16343,223686
16344,275683
16345,188400
16346,230185
16347,275320
16349,169798
16351,71325
16352,78028
16353,80161
16354,266786
16355,242818
16356,204931
16357,75930
16358,222639
16359,78004
16361,277494
16362,206075
16364,75774
16365,76599
16366,214088
16367,72106
16368,258498
16369,257027
16370,234779
16371,74797
16372,211348
16373,73687
16374,205849
16375,77945
16376,239254
16377,208573
16378,278258
16380,80135
16381,204424
16382,254921
16384,228410
16385,72005
16386,77916
16387,194911
16388,73873
16389,75253
16391,70794
16392,258485
16393,212710
16394,77808
16396,73100
16397,81341
16398,70079
16399,205288
16401,77196
16405,265458
16406,248313
16407,216325
16408,231691
16409,277518
16410,80723
16412,189908
16413,213536
16416,73056
16417,70513
16418,80564
16420,78867
16421,235312
16422,275008
16423,77920
16424,71272
16425,225134
16426,198633
16427,72971
16429,70442
16431,225868
16432,278697
16433,73723
16434,188943
16435,277535
16436,216110
16438,79988
16439,272559
16440,222411
16441,217096
16442,279074
16444,74599
16445,222075
16446,72003
16447,69986
16448,279553
16450,80180
16451,244262
16453,76628
16454,216939
16455,70279
16456,73870
16457,270838
16458,203775
16460,220720
16461,204092
16462,264056
16463,192129
16464,222344
16465,263339
16466,77244
16467,77255
16468,229956
16469,79987
16470,77200
16471,220584
16472,207557
16474,78207
16475,71329
16476,271571
16477,223727
16478,70641
16479,229114
16480,196885
16481,77351
16482,268875
16484,186998
16485,78202
16487,204234
16488,78304
16489,77544
16491,81453
16492,77252
16493,206566
16494,265526
16495,194150
16496,74869
16498,72525
16499,79974
16500,77930
16501,246657
16502,245276
16505,269042
16506,229402
16507,255520
16508,268915
16509,202873
16510,273794
16511,132740
16512,222200
16513,225543
16514,240225
16515,76506
16516,229397
16517,197928
16518,224599
16519,250753
16520,70654
16521,81418
16524,73060
16527,220820
16528,233667
16529,237525
16531,213408
16532,181468
16533,76387
16534,227477
16535,253338
16536,198350
16537,80111
16538,225858
16539,222951
16540,215363
16542,72037
16543,188524
16544,237188
16545,258466
16546,77752
16547,242656
16548,270821
16549,146952
16550,229444
16551,255303
16552,76380
16553,71007
16554,79716
16558,228231
16561,211101
16564,230312
16565,239272
16566,228413
16567,245274
16568,224846
16569,77909
16570,240493
16572,230328
16573,278749
16575,253428
16576,238070
16577,80379
16578,78076
16579,73999
16580,209532
16581,215693
16582,73946
16583,239342
16584,76831
16585,79995
16586,226182
16587,77775
16588,278747
16590,80461
16591,79961
16592,74148
16593,210347
16594,163264
16595,211990
16596,230176
16597,70761
16598,201976
16599,244001
16600,72593
16601,231073
16602,275674
16603,263673
16604,80134
16606,257568
16607,79993
16608,230787
16609,168965
16611,244020
16612,230330
16613,235633
16614,77510
16616,253198
16617,77258
16618,73428
16619,272347
16621,274928
16622,207606
16623,71563
16624,74125
16625,203423
16626,212151
16627,190745
16628,248091
16629,214680
16630,75459
16632,234790
16633,274942
16634,235574
16636,210006
16637,77925
16638,251752
16639,276143
16640,80592
16642,189324
16643,212197
16644,248073
16646,215123
16647,258534
16648,230631
16650,79962
16651,246417
16652,201138
16653,275649
16654,73465
16655,235590
16656,219836
16657,273621
16658,230166
16659,233267
16660,271949
16661,218212
16662,226675
16663,211604
16664,193241
16666,230191
16667,225395
16668,191628
16669,240346
16671,79866
16672,251165
16673,79420
16674,182206
16675,237250
16676,270118
16677,213206
16678,224491
16679,232284
16680,77459
16681,246236
16682,262659
16683,215522
16684,225282
16685,223082
16686,259718
16687,220346
16688,248263
16689,251136
16690,239364
16692,208894
16693,186148
16694,221531
16695,226656
16698,164505
16699,190569
16700,207998
16701,190120
16702,206307
16704,228355
16705,167959
16706,70681
16707,77621
16709,278474
16711,157970
16712,205878
16713,228739
16717,216033
16719,228860
16721,211021
16722,235413
16724,204825
16725,203034
16727,219736
16728,251818
16729,230320
16730,76392
16731,81295
16732,255976
16733,204269
16734,80704
16737,234102
16738,182520
16739,229637
16740,274717
16741,209830
16743,225203
16744,73700
16745,252154
16748,200726
16749,232229
16750,195668
16751,220807
16752,213719
16753,210772
16754,77944
16756,81402
16757,233998
16758,199101
16760,201269
16761,223558
16762,164484
16763,202125
16764,278192
16765,205747
16766,219584
16767,230175
16768,234833
16771,19541
16773,238060
16774,73203
16775,239898
16776,77597
16777,203175
16778,192201
16779,176094
16780,77810
16781,221759
16782,224130
16785,192397
16786,71573
16787,234658
16788,173531
16789,73838
16790,224977
16792,166963
16793,239797
16794,219339
16795,222418
16796,261144
16799,212735
16800,276518
16801,77908
16803,206218
16804,246704
16805,236758
16806,230653
16807,76926
16809,236515
16810,228935
16813,218593
16814,225037
16815,223760
16816,76830
16817,193359
16819,188968
16820,279852
16821,234341
16822,77936
16823,178363
16826,177475
16828,77918
16830,248158
16832,206561
16836,225650
16837,269955
16838,255981
16839,172553
16840,203824
16841,230749
16842,276839
16843,205703
16844,262076
16845,204513
16846,208987
16847,238186
16848,241777
16849,75655
16850,210327
16851,230858
16852,225766
16853,225342
16854,220058
16855,243476
16856,243830
16857,234717
16858,244701
16859,222431
16860,220482
16862,232817
16863,212915
16864,193272
16865,224068
16867,242288
16868,269694
16869,262056
16870,253354
16871,263880
16872,225993
16873,203239
16874,210676
16875,71234
16878,271114
16881,255368
16883,73373
16884,214440
16885,226259
16886,157407
16887,208697
16888,73907
16889,193302
16890,199833
16891,210368
16893,209750
16894,255605
16895,223898
16896,205496
16897,274413
16900,186569
16901,275659
16902,236033
16903,242229
16904,227966
16905,253955
16906,209166
16907,207926
16908,80699
16909,199803
16910,238489
16911,208375
16912,269795
16913,256742
16914,257288
16915,209332
16918,209293
16919,205759
16920,276806
16921,246610
16923,230319
16924,184040
16925,231664
16926,233999
16928,241976
16929,225432
16930,245435
16931,220906
16933,220532
16934,230321
16935,230332
16936,194781
16937,207589
16938,222263
16939,211262
16940,77488
16941,254401
16942,210642
16943,201299
16944,260018
16945,275651
16946,193247
16947,224543
16949,158784
16950,211299
16951,79027
16953,204246
16954,227560
16955,254198
16956,253211
16958,215417
16959,219795
16960,183513
16961,272902
16962,262956
16963,250804
16964,277588
16966,239559
16967,237576
16968,194372
16969,77910
16970,219854
16971,223968
16972,239358
16973,199259
16975,223909
16976,196316
16977,229227
16981,247077
16982,254803
16983,237205
16984,213677
16985,201864
16986,208214
16987,222572
16988,223988
16989,241727
16990,73562
16992,222562
16993,189430
16994,209423
16995,221463
16996,226786
16998,205352
17000,240642
17001,201482
17002,212839
17003,211358
17004,258209
17006,269511
17010,227653
17011,221798
17012,205942
17013,224442
17015,244467
17017,228456
17018,222621
17019,191153
17020,210366
17021,203215
17022,229168
17023,224475
17024,222484
17025,236330
17026,251742
17027,237935
17029,189342
17031,244676
17033,243201
17034,219657
17035,169493
17037,73580
17038,202199
17039,245601
17040,225406
17041,273089
17042,190669
17043,71641
17044,258180
17045,202469
17046,250978
17047,188278
17048,256467
17049,273641
17052,211827
17053,221844
17054,229274
17055,186494
17057,199568
17061,276988
17062,232549
17064,234383
17065,270141
17066,176994
17067,190822
17068,262295
17069,201940
17070,204502
17071,252179
17072,277836
17074,258792
17076,198511
17077,189296
17078,186611
17079,271918
17080,213407
17081,253629
17082,189917
17083,270054
17084,209027
17085,222908
17086,230169
17087,194333
17088,189021
17090,221610
17091,247022
17093,277823
17094,269641
17095,274411
17097,234260
17098,211537
17099,251733
17100,236663
17101,228998
17103,261294
17105,241643
17106,239993
17108,216779
17109,247072
17110,240751
17111,251285
17112,270575
17113,227154
17114,222356
17115,240311
17116,210509
17118,250817
17120,233189
17121,240123
17122,263214
17123,278145
17124,227050
17125,228130
17126,246671
17127,230164
17128,259596
17129,208679
17131,264133
17132,242159
17133,229393
17134,244274
17135,247882
17136,245359
17138,200715
17139,222221
17140,254502
17141,266282
17142,211398
17143,240838
17144,236583
17146,268623
17147,242514
17148,235629
17149,276347
17151,279703
17152,247976
17153,235304
17154,269434
17156,202570
17157,233868
17159,221845
17160,230315
17162,198285
17163,273839
17164,197641
17165,225361
17167,259872
17168,237419
17169,211053
17170,227529
17171,242200
17172,233286
17173,202910
17174,173533
17175,272417
17176,232131
17177,74726
17178,188202
17179,223603
17180,252789
17182,230893
17183,233976
17184,204034
17187,242179
17188,240657
17189,262723
17190,237704
17191,246987
17192,262944
17194,226804
17195,230971
17196,243587
17198,278469
17199,256537
17201,71515
17202,239742
17203,256938
17204,223957
17206,222438
17207,244551
17208,240785
17209,78071
17210,229433
17211,227909
17213,269971
17214,206549
17215,202457
17216,243294
17217,138431
17218,79824
17219,163600
17220,268099
17221,173165
17223,240595
17224,190700
17225,229885
17228,228912
17229,263032
17230,223868
17231,239772
17232,270038
17234,180548
17237,72917
17238,232410
17239,235740
17240,214525
17241,253442
17242,236571
17243,254513
17244,219482
17245,252773
17247,243311
17248,259317
17249,269137
17250,77905
17251,76901
17252,244656
17254,256989
17255,248071
17256,228369
17257,198039
17258,71331
17259,263887
17260,256726
17261,238570
17262,183789
17264,72755
17265,234803
17267,257862
17268,237399
17270,278395
17272,265786
17273,208755
17274,190179
17275,215546
17276,258328
17277,257374
17280,231046
17281,269707
17283,72390
17284,272958
17285,264588
17287,245822
17289,242289
17291,235931
17293,270529
17294,233763
17295,260194
17296,239371
17297,219967
17298,257475
17299,73967
17300,231172
17301,236046
17302,236568
17303,222546
17304,72022
17305,178566
17306,222612
17307,248019
17308,240597
17309,268783
17310,76567
17311,244256
17312,244810
17313,72802
17314,279440
17315,191684
17316,183244
17317,279508
17318,240796
17319,271532
17320,231878
17321,202770
17322,258585
17323,266323
17324,222820
17325,262516
17326,201903
17327,262322
17328,190698
17330,238604
17332,199705
17333,202079
17334,73325
17336,269880
17337,220537
17340,219937
17341,260933
17342,78934
17343,264851
17345,265179
17346,269096
17347,75825
17348,197689
17349,258928
17350,264088
17351,76457
17352,239816
17355,234054
17357,242983
17358,251739
17359,233425
17361,247944
17362,243373
17363,208481
17364,264111
17365,256953
17366,276944
17368,269301
17369,276761
17370,243810
17373,243538
17374,275856
17375,264645
17376,206145
17377,266382
17378,81342
17379,211953
17383,251292
17384,228526
17385,232654
17386,250842
17388,274207
17389,233974
17390,254099
17391,203172
17393,224555
17394,243759
17395,236241
17396,279001
17398,233215
17401,261755
17403,236613
17404,248221
17405,223175
17406,265675
17407,277929
17408,255151
17409,73487
17410,258864
17411,204922
17412,257914
17413,233691
17414,262420
17415,262718
17416,244417
17417,258085
17418,243573
17419,245370
17421,231596
17425,277239
17426,233977
17427,278032
17428,247866
17429,73047
17430,261687
17431,243588
17432,232082
17433,258311
17434,247611
17435,257635
17436,256897
17437,256229
17438,279565
17439,222503
17440,79531
17441,262865
17442,255266
17443,259362
17444,201847
17446,76202
17447,276731
17448,251157
17449,79128
17450,259166
17451,227688
17453,261260
17454,263961
17455,243158
17456,244827
17457,235375
17458,263798
17459,273044
17460,259057
17461,193013
17462,258056
17463,237615
17464,231841
17465,270756
17466,252123
17469,78787
17470,263139
17473,259606
17474,76408
17475,276352
17476,242352
17478,70904
17479,162297
17480,252477
17481,246958
17483,241179
17484,79933
17485,243735
17488,80281
17489,78786
17490,247494
17492,237778
17493,78554
17494,79582
17495,232673
17497,265763
17498,246881
17499,234877
17501,73417
17503,267994
17504,227570
17505,274988
17506,271150
17507,73213
17509,263976
17510,79922
17511,243048
17512,77950
17513,263619
17514,71265
17515,239203
17516,260978
17517,270217
17521,262931
17522,79686
17523,242105
17524,278734
17525,277967
17526,80381
17527,80146
17528,269251
17529,242391
17530,273882
17531,238167
17532,272503
17533,261014
17535,76472
17536,247506
17537,231509
17538,257497
17539,254792
17541,257209
17542,255989
17543,73319
17544,254601
17546,254191
17547,268544
17548,238919
17550,271757
17551,247228
17552,240834
17553,257480
17555,71450
17556,263283
17557,262530
17558,258200
17560,234724
17561,271333
17562,234301
17563,242802
17564,235835
17565,259918
17567,242853
17568,70439
17569,70698
17570,235860
17571,257395
17572,192120
17573,208776
17574,262559
17575,275011
17576,254021
17577,262265
17578,81546
17579,233101
17580,256156
17582,240955
17583,194894
17584,240043
17585,263867
17586,250841
17587,252456
17588,265405
17589,72397
17590,278023
17591,244498
17592,268912
17594,271034
17595,268990
17596,70541
17597,242073
17598,276322
17600,269970
17604,279605
17605,278099
17606,251773
17607,260982
17608,225166
17610,267480
17611,267874
17613,256145
17614,235460
17615,263402
17618,254297
17619,279705
17621,271064
17623,264424
17625,240791
17626,79826
17627,243925
17628,248054
17629,257273
17630,252284
17631,263057
17632,70565
17633,80874
17634,252783
17637,276760
17638,253216
17640,260538
17641,244218
17642,255812
17645,266803
17646,74039
17647,251034
17648,79020
17649,269269
17650,75072
17651,247121
17652,263763
17653,271491
17655,268428
17656,258480
17657,234735
17658,251433
17659,262251
17660,73072
17661,241076
17662,248586
17663,272427
17664,73285
17666,267684
17668,256053
17670,276591
17672,71797
17673,272336
17675,71772
17676,231861
17678,276198
17679,78105
17680,278071
17681,74594
17682,276102
17684,258288
17685,252699
17686,273872
17687,256488
17689,73240
17690,76845
17691,259678
17692,268413
17693,74624
17694,80777
17695,273047
17696,241327
17697,258763
17698,275161
17699,271661
17701,264817
17702,79528
17704,265520
17706,73297
17707,270939
17708,251995
17710,79262
17711,247224
17712,244478
17713,273731
17715,277590
17716,80339
17717,75739
17718,76012
17720,231413
17721,243711
17722,76310
17723,275272
17724,279891
17727,261305
17729,70117
17731,278045
17732,259149
17735,248735
17736,271546
17737,248256
17738,278095
17739,80648
17745,271146
17747,248284
17748,260106
17749,266517
17750,278394
17751,259987
17752,253110
17753,238298
17754,75816
17755,75567
17756,239746
17758,80045
17759,273889
17760,73986
17761,248860
17762,79461
17764,80005
17765,263922
17766,275733
17767,277825
17768,75978
17769,77093
17770,72839
17771,247346
17772,277330
17773,80811
17774,233725
17775,255952
17776,279028
17777,256529
17778,71475
17779,240218
17780,251522
17782,277916
17786,70137
17787,79924
17788,268631
17789,245865
17790,276776
17791,258351
17792,266842
17793,269406
17794,262298
17795,240283
17796,276900
17797,81322
17799,260299
17800,79148
17801,252280
17802,75924
17803,80823
17804,237097
17805,74298
17806,241525
17807,279929
17808,275325
17809,271748
17811,274852
17812,237232
17813,263023
17815,275079
17816,78735
17819,257752
17820,263920
17821,260156
17822,81240
17823,263780
17824,239510
17825,75998
17826,76844
17827,278112
17828,275327
17830,231146
17831,278024
17832,72724
17833,72535
17834,262286
17835,71326
17836,79276
17837,265750
17838,271171
17840,247428
17842,278719
17843,244720
17844,274478
17846,78731
17849,268583
17851,261779
17853,256220
17854,262939
17855,271920
17856,267599
17857,241091
17858,277471
17859,77822
17860,279315
17861,243736
17862,277571
17867,240856
17868,248325
17869,241052
17870,273615
17871,76006
17872,278280
17874,261931
17875,74986
17877,73736
17879,236337
17880,271199
17881,246740
17882,269536
17883,269827
17884,79403
17885,266308
17886,77129
17888,255208
17889,264529
17890,278872
17892,248216
17894,247058
17895,247626
17896,267636
17897,239499
17898,77984
17899,77015
17900,253672
17901,250897
17902,257304
17903,72534
17904,257142
17905,72844
17906,244458
17907,263674
17911,259729
17912,276673
17913,271569
17914,80664
17915,70435
17916,277802
17917,81461
17918,275032
17921,278440
17922,79332
17923,79233
17924,259973
17925,262791
17926,259530
17927,251910
17928,74578
17929,270996
17930,278164
17931,246166
17932,259550
17933,271977
17934,275419
17935,261703
17936,245502
17937,276354
17938,71838
17939,79077
17940,257789
17941,77128
17942,253516
17943,269146
17945,278933
17947,79024
17948,76777
17949,270372
17950,274489
17951,278331
17952,262764
17954,80309
17955,77270
17956,233970
17958,79443
17960,80149
17961,247839
17962,277814
17963,79979
17964,270965
17966,276353
17967,267460
17968,79320
17969,70431
17970,71462
17971,79422
17972,269141
17974,277904
17975,73119
17976,272314
17977,243905
17978,279550
17980,245063
17981,269916
17982,271211
17983,247448
17984,259255
17985,278252
17986,267787
17987,79647
17988,278335
17989,250865
17990,275474
17992,272444
17993,75602
17994,277644
17995,248301
17996,273690
17997,75302
17998,78401
17999,77651
18000,223827
18001,80267
18002,73968
18003,78610
18004,267827
18005,80203
18006,77136
18007,278623
18008,274083
18009,260262
18010,267433
18011,274121
18012,80092
18013,261106
18014,75260
18015,76910
18016,271667
18018,76635
18020,74425
18022,74717
18023,252662
18024,265747
18025,274730
18026,81299
18027,263907
18028,264170
18029,271112
18030,73749
18031,253219
18032,276845
18033,77188
18034,80780
18035,72026
18036,266649
18039,264208
18040,278321
18041,271236
18043,72962
18044,71223
18045,277317
18046,277445
18047,278995
18048,279507
18049,279014
18050,266750
18051,262989
18052,78164
18053,76386
18054,257637
18055,264068
18056,80117
18057,275721
18058,240763
18059,277908
18062,269948
18064,70284
18065,261284
18066,79285
18067,242382
18068,258586
18069,273778
18070,73595
18071,265457
18072,272395
18074,72829
18075,80773
18076,269560
18077,277290
18078,77875
18081,78710
18082,73134
18085,70119
18086,71457
18087,279897
18088,265460
18089,78073
18090,73013
18091,267577
18093,75849
18094,245425
18095,74757
18096,275318
18098,254662
18099,75741
18100,263137
18101,279879
18102,79737
18103,70522
18105,75440
18108,278148
18109,259732
18110,272383
18112,252281
18113,259488
18114,277826
18115,279653
18116,80504
18117,71383
18118,279774
18119,78611
18120,276872
18121,278717
18122,269514
18124,263225
18125,80222
18126,77952
18127,265782
18128,73459
18129,77588
18131,279880
18132,271490
18133,241317
18134,277430
18135,79612
18136,71439
18137,268394
18138,277361
18139,277117
18140,70281
18141,80044
18142,78009
18143,79337
18144,270921
18145,247893
18149,79425
18150,72522
18151,270757
18152,223174
18153,71921
18154,245074
18155,78435
18156,256873
18157,78210
18158,77491
18159,74437
18160,78547
18163,269127
18165,262785
18166,78756
18167,269232
18168,75984
18170,75501
18171,77838
18172,79487
18173,72901
18174,262358
18175,248150
18176,75128
18177,71290
18178,76420
18179,75670
18180,75935
18181,80295
18182,81393
18183,75540
18184,261407
18187,74652
18189,78285
18190,72157
18191,71447
18192,80742
18195,277446
18197,279022
18198,261941
18199,76094
18200,269435
18201,277189
18202,267739
18203,276187
18204,260146
18205,245094
18206,78973
18208,79551
18209,253171
18210,277763
18211,70251
18213,279706
18214,72948
18215,71811
18216,74118
18217,279183
18218,76260
18219,77335
18220,76337
18221,277063
18222,257892
18223,269732
18224,79786
18225,73692
18226,75761
18227,263967
18228,277586
18229,275317
18230,276725
18231,268839
18232,71476
18233,76921
18235,77747
18236,269243
18237,277281
18239,79951
18240,236919
18241,75668
18244,278554
18246,70780
18247,76459
18248,73176
18249,270351
18250,76134
18252,75806
18253,80479
18254,259364
18255,243758
18256,275000
18257,256923
18258,76748
18259,79392
18261,79316
18264,76892
18266,80782
18267,262922
18268,71207
18269,279593
18270,75899
18271,76943
18272,72101
18273,79286
18274,257210
18276,81408
18277,75793
18278,279584
18280,76415
18281,72590
18282,78051
18283,272887
18284,74266
18286,80500
18287,81286
18288,77044
18289,75810
18290,69982
18291,79245
18292,275631
18294,240643
18295,268449
18297,251112
18298,79932
18299,73581
18300,80240
18301,77975
18302,248246
18303,81485
18304,81241
18305,269418
18306,71632
18309,276040
18310,77806
18311,75962
18312,275673
18313,259562
18314,79419
18315,269138
18316,71881
18317,70969
18318,278873
18319,274115
18320,80140
18321,245269
18323,268629
18324,74868
18326,73858
18327,269040
18330,276386
18331,76490
18333,274269
18334,271164
18335,75874
18336,74658
18337,78522
18340,79966
18341,77940
18342,77938
18343,80188
18344,81467
18346,258399
18347,247670
18348,259003
18349,81468
18350,279725
18351,80169
18352,80001
18353,277768
18354,77434
18355,276408
18358,264057
18359,268069
18360,269105
18361,77917
18362,75534
18363,75713
18364,275172
18365,259646
18366,245335
18367,77926
18368,253029
18369,80864
18370,77218
18371,73937
18372,278309
18373,278308
18374,78889
18375,76781
18376,75916
18377,269480
18378,277850
18381,77198
18382,78075
18383,74977
18384,73211
18385,256376
18386,277279
18387,80234
18388,266362
18389,271751
18390,76771
18391,78190
18392,73039
18393,76595
18394,73592
18395,77192
18397,269526
18398,239811
18399,77811
18400,267946
18401,76593
18402,77205
18404,79985
